MUNICIPIO IBGE;Min - DATA INÍCIO;Count - NOME INSTITUIÇÃO                                                                                                                                                                                        ;ano;mês;anomes
1100015;;3;;;
1100023;10/5/1979;6;1979;5;19795
1100049;12/10/2008;6;2008;10;200810
1100056;5/10/1985;4;1985;10;198510
1100064;;3;;;
1100080;;1;;;
1100098;;2;;;
1100106;7/2/1943;4;1943;2;19432
1100114;2/4/1985;5;1985;4;19854
1100122;2/1/1978;9;1978;1;19781
1100130;;2;;;
1100148;;1;;;
1100155;3/10/1978;3;1978;10;197810
1100189;6/9/1976;5;1976;9;19769
1100205;12/7/1979;31;1979;7;19797
1100254;;2;;;
1100288;10/1/2003;6;2003;1;20031
1100304;7/1/1980;7;1980;1;19801
1100320;12/12/2011;3;2011;12;201112
1100338;12/12/2011;3;2011;12;201112
1100346;;1;;;
1100403;;3;;;
1100452;2/5/2004;4;2004;5;20045
1100809;;2;;;
1100940;10/10/2011;1;2011;10;201110
1101203;;1;;;
1101302;;1;;;
1101401;10/10/2011;2;2011;10;201110
1101492;3/6/2009;2;2009;6;20096
1101708;;1;;;
1200013;;1;;;
1200054;;1;;;
1200104;10/10/2011;4;2011;10;201110
1200138;;1;;;
1200203;7/2/1953;5;1953;2;19532
1200252;;1;;;
1200302;;2;;;
1200344;;1;;;
1200385;;2;;;
1200401;12/8/1972;21;1972;8;19728
1200450;;2;;;
1200500;2/2/1957;3;1957;2;19572
1200609;1/12/2009;3;2009;12;200912
1200708;12/1/2003;1;2003;1;20031
1200807;;1;;;
1300144;6/10/2002;1;2002;10;200210
1300300;3/8/2007;2;2007;8;20078
1300409;6/10/2002;2;2002;10;200210
1300508;6/10/2002;1;2002;10;200210
1300607;6/10/2002;1;2002;10;200210
1300631;12/12/2011;1;2011;12;201112
1300706;5/2/1977;3;1977;2;19772
1300805;6/10/2002;3;2002;10;200210
1300904;6/10/2002;1;2002;10;200210
1301001;10/5/1979;3;1979;5;19795
1301100;6/10/2002;2;2002;10;200210
1301209;6/10/2002;4;2002;10;200210
1301308;6/10/2002;1;2002;10;200210
1301407;6/10/2002;2;2002;10;200210
1301506;12/12/2011;1;2011;12;201112
1301605;6/10/2002;1;2002;10;200210
1301704;2/2/1976;4;1976;2;19762
1301803;12/12/2011;1;2011;12;201112
1301852;6/10/2002;2;2002;10;200210
1301902;5/12/1951;5;1951;12;195112
1302306;12/12/2011;1;2011;12;201112
1302405;6/10/2002;3;2002;10;200210
1302504;6/10/2002;6;2002;10;200210
1302553;12/12/2011;1;2011;12;201112
1302603;4/2/1943;106;1943;2;19432
1302702;2/7/1977;3;1977;7;19777
1302900;6/10/2002;4;2002;10;200210
1303007;6/10/2002;1;2002;10;200210
1303106;6/10/2002;1;2002;10;200210
1303205;6/10/2002;1;2002;10;200210
1303304;6/10/2002;1;2002;10;200210
1303403;4/1/1949;6;1949;1;19491
1303502;12/12/2011;1;2011;12;201112
1303536;6/10/2002;3;2002;10;200210
1303569;6/10/2002;2;2002;10;200210
1303700;;1;;;
1303809;6/10/2002;2;2002;10;200210
1303908;6/10/2002;2;2002;10;200210
1304062;3/10/1978;3;1978;10;197810
1304104;12/12/2011;1;2011;12;201112
1304203;10/5/1964;5;1964;5;19645
1304302;6/10/2002;1;2002;10;200210
1400100;1/10/1944;18;1944;10;194410
1400209;10/2/1978;3;1978;2;19782
1400308;;1;;;
1400472;;2;;;
1400506;;1;;;
1500107;1/8/1953;7;1953;8;19538
1500131;;1;;;
1500206;11/9/2011;2;2011;9;20119
1500305;;1;;;
1500347;;1;;;
1500404;9/6/1989;4;1989;6;19896
1500503;7/7/1980;3;1980;7;19807
1500602;7/1/1964;8;1964;1;19641
1500701;1/12/2015;1;2015;12;201512
1500800;6/10/1977;17;1977;10;197710
1500859;;1;;;
1500909;11/8/2011;3;2011;8;20118
1500958;;1;;;
1501105;;1;;;
1501204;;2;;;
1501253;;1;;;
1501303;;7;;;
1501402;7/1/1908;95;1908;1;19081
1501451;9/8/2022;1;2022;8;20228
1501501;;4;;;
1501576;;2;;;
1501600;12/9/2014;1;2014;9;20149
1501709;4/3/1944;5;1944;3;19443
1501725;8/11/2011;2;2011;11;201111
1501758;;1;;;
1501782;12/12/2014;2;2014;12;201412
1501808;12/9/1976;4;1976;9;19769
1501907;;1;;;
1501956;;1;;;
1502004;;1;;;
1502103;9/7/1956;6;1956;7;19567
1502152;8/12/2009;6;2009;12;200912
1502202;5/12/1955;6;1955;12;195512
1502301;6/2/1975;4;1975;2;19752
1502400;10/4/1966;11;1966;4;19664
1502608;;1;;;
1502707;6/7/1974;5;1974;7;19747
1502756;;1;;;
1502764;;1;;;
1502772;9/12/2011;2;2011;12;201112
1502806;4/7/2016;1;2016;7;20167
1502855;;1;;;
1502905;;2;;;
1502939;11/6/2012;6;2012;6;20126
1502954;;2;;;
1503002;;1;;;
1503044;12/12/2016;1;2016;12;201612
1503077;9/10/2012;2;2012;10;201210
1503093;8/11/2011;2;2011;11;201111
1503101;3/9/2023;2;2023;9;20239
1503200;10/3/1977;3;1977;3;19773
1503309;11/6/1970;6;1970;6;19706
1503408;8/3/2021;1;2021;3;20213
1503457;;2;;;
1503507;12/11/1986;2;1986;11;198611
1503606;12/6/1971;7;1971;6;19716
1503705;;3;;;
1503754;;1;;;
1503804;1/2/1981;5;1981;2;19812
1503903;12/9/2008;4;2008;9;20089
1504000;;1;;;
1504059;;4;;;
1504109;;1;;;
1504208;8/8/1955;18;1955;8;19558
1504307;;1;;;
1504406;8/11/2011;2;2011;11;201111
1504422;7/12/2011;5;2011;12;201112
1504455;;2;;;
1504505;;1;;;
1504604;2/11/2019;1;2019;11;201911
1504703;12/9/1986;4;1986;9;19869
1504752;;1;;;
1504802;10/10/2011;4;2011;10;201110
1504901;;1;;;
1504950;12/8/2011;1;2011;8;20118
1504976;7/12/2021;1;2021;12;202112
1505007;2/12/2021;1;2021;12;202112
1505031;12/1/2005;4;2005;1;20051
1505064;7/2/2004;5;2004;2;20042
1505106;10/2/1982;3;1982;2;19822
1505205;12/12/2018;1;2018;12;201812
1505304;10/1/1979;5;1979;1;19791
1505403;8/2/2021;1;2021;2;20212
1505437;;3;;;
1505486;7/9/2004;3;2004;9;20049
1505494;;1;;;
1505502;10/5/2007;6;2007;5;20075
1505536;2/10/2006;12;2006;10;200610
1505551;;1;;;
1505601;;1;;;
1505635;;1;;;
1505700;12/1/2017;1;2017;1;20171
1505809;;2;;;
1505908;8/12/2011;2;2011;12;201112
1506005;12/1/2011;2;2011;1;20111
1506104;;1;;;
1506112;2/11/2022;1;2022;11;202211
1506138;3/5/1976;6;1976;5;19765
1506161;5/9/1991;3;1991;9;19919
1506187;11/8/1982;5;1982;8;19828
1506195;;2;;;
1506203;9/12/2002;4;2002;12;200212
1506302;;1;;;
1506351;6/9/2014;1;2014;9;20149
1506401;6/11/2022;1;2022;11;202211
1506500;4/2/1990;4;1990;2;19902
1506559;;1;;;
1506583;7/1/2021;1;2021;1;20211
1506609;12/3/1986;2;1986;3;19863
1506708;10/5/1977;4;1977;5;19775
1506807;7/2/1940;13;1940;2;19402
1506906;;1;;;
1507003;;1;;;
1507102;;1;;;
1507151;9/12/2011;3;2011;12;201112
1507201;;1;;;
1507300;3/11/1986;5;1986;11;198611
1507409;;1;;;
1507458;11/3/2011;3;2011;3;20113
1507466;4/6/2023;1;2023;6;20236
1507474;;1;;;
1507508;;1;;;
1507607;12/3/1986;5;1986;3;19863
1507706;;1;;;
1507755;;1;;;
1507805;;1;;;
1507904;10/1/1979;3;1979;1;19791
1507953;11/4/2011;5;2011;4;20114
1507961;3/10/2022;1;2022;10;202210
1507979;;2;;;
1508001;11/10/1970;5;1970;10;197010
1508035;;1;;;
1508050;;1;;;
1508084;;4;;;
1508100;3/9/1981;7;1981;9;19819
1508126;;2;;;
1508159;12/10/2004;5;2004;10;200410
1508209;12/6/1989;3;1989;6;19896
1508308;4/9/1990;1;1990;9;19909
1508357;;1;;;
1508407;7/1/1983;5;1983;1;19831
1600105;;1;;;
1600154;;1;;;
1600279;;2;;;
1600303;7/7/1951;25;1951;7;19517
1600402;12/12/2011;1;2011;12;201112
1600501;3/7/1994;3;1994;7;19947
1600535;;1;;;
1600600;7/10/1979;6;1979;10;197910
1700707;;1;;;
1701002;;1;;;
1702000;2/1/1985;3;1985;1;19851
1702109;11/8/1965;11;1965;8;19658
1702208;;4;;;
1702406;;1;;;
1702554;;3;;;
1705508;11/11/1985;4;1985;11;198511
1707009;4/6/1970;3;1970;6;19706
1707702;10/9/1989;1;1989;9;19899
1708205;;2;;;
1709302;5/12/1980;4;1980;12;198012
1709500;4/5/1970;6;1970;5;19705
1711902;8/12/2011;2;2011;12;201112
1713205;7/6/1989;3;1989;6;19896
1713304;;2;;;
1714203;2/6/1962;1;1962;6;19626
1715754;;2;;;
1716109;4/8/1974;6;1974;8;19748
1716505;;2;;;
1716703;;2;;;
1718204;10/7/1956;5;1956;7;19567
1720655;;1;;;
1720903;3/11/1988;3;1988;11;198811
1721000;3/11/1991;28;1991;11;199111
1721208;9/12/2011;4;2011;12;201112
1722107;5/9/1991;2;1991;9;19919
2100055;1/10/1985;6;1985;10;198510
2100204;;1;;;
2100477;;1;;;
2100501;;1;;;
2100600;12/8/2011;2;2011;8;20118
2100709;12/2/2011;1;2011;2;20112
2100832;12/12/2011;1;2011;12;201112
2100907;9/12/2011;2;2011;12;201112
2100956;12/12/2011;1;2011;12;201112
2101004;;1;;;
2101202;11/6/1979;6;1979;6;19796
2101400;10/11/1976;9;1976;11;197611
2101608;11/12/1979;4;1979;12;197912
2101707;4/7/1980;4;1980;7;19807
2101905;12/12/2011;1;2011;12;201112
2102002;11/5/1986;1;1986;5;19865
2102101;12/1/1964;2;1964;1;19641
2102200;;1;;;
2102309;12/8/2011;1;2011;8;20118
2102325;;2;;;
2102556;;1;;;
2102606;12/12/2011;1;2011;12;201112
2102705;;1;;;
2102804;8/1/1950;3;1950;1;19501
2102903;7/9/2010;2;2010;9;20109
2103000;5/8/1940;6;1940;8;19408
2103208;11/12/1979;4;1979;12;197912
2103307;12/1/1943;4;1943;1;19431
2103406;10/1/1979;2;1979;1;19791
2103505;;3;;;
2103604;5/10/1956;3;1956;10;195610
2103703;7/7/1980;2;1980;7;19807
2103802;;2;;;
2103901;;1;;;
2104008;;1;;;
2104057;12/2/1983;4;1983;2;19832
2104099;;1;;;
2104107;12/1/2011;2;2011;1;20111
2104206;12/8/2011;1;2011;8;20118
2104677;;2;;;
2104800;7/6/1964;4;1964;6;19646
2105104;12/12/2011;1;2011;12;201112
2105302;3/10/1964;16;1964;10;196410
2105401;;3;;;
2105427;;1;;;
2105500;;1;;;
2105708;10/1/1979;2;1979;1;19791
2105906;12/12/2011;1;2011;12;201112
2106102;;1;;;
2106326;;1;;;
2106409;12/5/2011;1;2011;5;20115
2106508;12/12/2011;1;2011;12;201112
2107506;8/8/2008;5;2008;8;20088
2107803;11/9/2011;1;2011;9;20119
2108108;;1;;;
2108207;8/10/1979;4;1979;10;197910
2108306;12/12/2011;1;2011;12;201112
2108504;11/5/1986;1;1986;5;19865
2108603;7/11/1970;6;1970;11;197011
2108900;;1;;;
2109007;;3;;;
2109106;10/9/1982;4;1982;9;19829
2109270;12/12/2011;1;2011;12;201112
2109502;12/10/2004;1;2004;10;200410
2109601;;3;;;
2109809;11/1/2011;2;2011;1;20111
2109908;3/12/1979;7;1979;12;197912
2110005;11/5/1986;4;1986;5;19865
2110039;;2;;;
2110104;;1;;;
2110203;12/12/2011;2;2011;12;201112
2110401;12/1/2011;1;2011;1;20111
2110500;;2;;;
2110609;9/12/2011;2;2011;12;201112
2110708;3/2/1988;1;1988;2;19882
2111052;;1;;;
2111102;8/7/2014;4;2014;7;20147
2111201;;5;;;
2111300;4/1/1917;76;1917;1;19171
2111508;;2;;;
2111607;;1;;;
2111706;;1;;;
2111763;;1;;;
2112001;;1;;;
2112209;9/12/1978;5;1978;12;197812
2112308;;1;;;
2112407;;1;;;
2112506;9/12/2011;3;2011;12;201112
2112605;12/12/2011;1;2011;12;201112
2112704;11/12/1986;2;1986;12;198612
2112803;8/4/2014;4;2014;4;20144
2112852;;1;;;
2112902;12/12/2011;3;2011;12;201112
2113009;11/12/1986;2;1986;12;198612
2114007;12/1/1982;4;1982;1;19821
2200202;5/12/1980;3;1980;12;198012
2200400;9/11/1986;3;1986;11;198611
2200509;11/10/2011;1;2011;10;201110
2201200;12/10/2010;3;2010;10;201010
2201507;;1;;;
2201903;12/1/1964;4;1964;1;19641
2202000;9/12/2003;1;2003;12;200312
2202208;2/10/1940;4;1940;10;194010
2202307;5/12/1976;3;1976;12;197612
2202703;;1;;;
2202901;12/11/1978;4;1978;11;197811
2203206;6/2/1980;1;1980;2;19802
2203503;;1;;;
2203701;11/10/2011;4;2011;10;201110
2203909;11/8/1937;5;1937;8;19378
2204303;;1;;;
2204402;;1;;;
2204501;;1;;;
2205102;;1;;;
2205508;;2;;;
2205706;;2;;;
2205805;6/7/1944;1;1944;7;19447
2206209;;1;;;
2207009;3/3/1959;4;1959;3;19593
2207702;6/1/1917;8;1917;1;19171
2207801;8/2/1979;4;1979;2;19792
2207900;11/7/2011;3;2011;7;20117
2208007;4/6/1979;7;1979;6;19796
2208304;12/7/2015;3;2015;7;20157
2208403;7/1/1940;4;1940;1;19401
2208809;3/12/1978;1;1978;12;197812
2208908;;1;;;
2210003;1/5/1963;4;1963;5;19635
2210508;;1;;;
2210607;8/1/1963;4;1963;1;19631
2210805;11/5/1979;1;1979;5;19795
2211001;11/3/1921;47;1921;3;19213
2211100;8/2/1943;4;1943;2;19432
2211209;12/1/1964;4;1964;1;19641
2211308;3/12/1987;4;1987;12;198712
2300200;6/1/1978;4;1978;1;19781
2300309;11/8/2011;4;2011;8;20118
2300705;12/8/2011;1;2011;8;20118
2300754;;2;;;
2301000;11/4/2011;3;2011;4;20114
2301109;5/3/1940;5;1940;3;19403
2301208;;1;;;
2301604;;2;;;
2301703;;1;;;
2301851;;1;;;
2301901;3/1/1979;5;1979;1;19791
2302008;11/7/1986;1;1986;7;19867
2302107;5/6/1982;4;1982;6;19826
2302206;;2;;;
2302305;2/5/1987;2;1987;5;19875
2302404;;4;;;
2302503;12/7/1978;4;1978;7;19787
2302602;7/8/1940;3;1940;8;19408
2302701;5/10/1971;3;1971;10;197110
2302800;;4;;;
2303006;12/2/2011;1;2011;2;20112
2303204;;1;;;
2303501;6/1/1989;4;1989;1;19891
2303709;3/8/1991;9;1991;8;19918
2303808;;1;;;
2304103;12/7/1978;5;1978;7;19787
2304202;9/2/1936;6;1936;2;19362
2304285;3/8/1991;5;1991;8;19918
2304350;;1;;;
2304400;4/10/1946;156;1946;10;194610
2304509;;1;;;
2304707;5/12/1980;3;1980;12;198012
2305001;3/9/1990;2;1990;9;19909
2305209;11/10/2011;2;2011;10;201110
2305233;8/12/2005;4;2005;12;200512
2305308;;1;;;
2305357;;1;;;
2305407;6/1/1989;3;1989;1;19891
2305506;5/3/1940;6;1940;3;19403
2305605;;1;;;
2305704;;1;;;
2305803;6/1/1989;3;1989;1;19891
2305902;;2;;;
2306256;;1;;;
2306306;;4;;;
2306405;2/1/1956;6;1956;1;19561
2306553;;1;;;
2306900;12/6/1978;4;1978;6;19786
2307007;12/10/1986;2;1986;10;198610
2307106;9/11/1986;1;1986;11;198611
2307254;;1;;;
2307304;10/1/1957;11;1957;1;19571
2307403;;1;;;
2307502;;3;;;
2307601;1/2/1959;4;1959;2;19592
2307650;8/8/1986;10;1986;8;19868
2307700;11/6/1978;4;1978;6;19786
2307809;2/5/1987;2;1987;5;19875
2308005;11/10/2011;2;2011;10;201110
2308104;;2;;;
2308302;;1;;;
2308401;;1;;;
2308500;3/7/1972;3;1972;7;19727
2308708;12/10/2010;3;2010;10;201010
2309300;1/2/1959;3;1959;2;19592
2309409;11/3/2011;1;2011;3;20113
2309607;5/2/1979;5;1979;2;19792
2309706;9/10/1986;3;1986;10;198610
2310209;9/10/1986;2;1986;10;198610
2310258;;1;;;
2310308;;1;;;
2310506;;1;;;
2310704;;2;;;
2311306;12/5/1978;6;1978;5;19785
2311405;;4;;;
2311504;;1;;;
2311603;;3;;;
2311801;;4;;;
2312007;;1;;;
2312106;11/11/2011;1;2011;11;201111
2312205;;4;;;
2312304;;4;;;
2312403;9/10/1986;3;1986;10;198610
2312700;6/1/1943;2;1943;1;19431
2312908;5/2/1934;10;1934;2;19342
2313005;12/4/1978;1;1978;4;19784
2313104;;2;;;
2313203;;2;;;
2313302;12/9/1961;4;1961;9;19619
2313401;12/6/1978;5;1978;6;19786
2313500;2/5/1987;3;1987;5;19875
2313609;7/8/1963;1;1963;8;19638
2313807;6/1/1978;1;1978;1;19781
2313955;8/8/1985;1;1985;8;19858
2314003;1/7/2013;3;2013;7;20137
2314102;1/9/2014;3;2014;9;20149
2400208;12/1/1978;4;1978;1;19781
2400505;8/2/1979;1;1979;2;19792
2400703;;1;;;
2400802;1/2/1959;2;1959;2;19592
2401008;4/5/1976;4;1976;5;19765
2401107;;2;;;
2401305;;1;;;
2401453;;1;;;
2402006;12/1/1978;5;1978;1;19781
2402204;12/11/1986;2;1986;11;198611
2402303;11/3/2011;2;2011;3;20113
2402600;11/8/2011;4;2011;8;20118
2403103;7/3/1954;4;1954;3;19543
2403251;8/3/1987;7;1987;3;19873
2403608;9/9/2013;1;2013;9;20139
2404200;6/1/1978;4;1978;1;19781
2404507;;1;;;
2405702;;1;;;
2405801;11/9/2011;4;2011;9;20119
2406106;;1;;;
2406700;12/1/1978;1;1978;1;19781
2407104;11/9/2011;4;2011;9;20119
2407203;7/3/1978;4;1978;3;19783
2407807;9/10/1986;2;1986;10;198610
2408003;2/10/1958;14;1958;10;195810
2408102;3/1/1947;61;1947;1;19471
2408300;;3;;;
2408904;;1;;;
2409308;4/11/1983;1;1983;11;198311
2409407;10/1/1957;4;1957;1;19571
2411205;11/12/1960;4;1960;12;196012
2411502;9/12/2011;3;2011;12;201112
2412005;6/1/1979;7;1979;1;19791
2412203;9/10/1986;3;1986;10;198610
2412500;12/1/1978;2;1978;1;19781
2412609;4/5/1976;1;1976;5;19765
2414407;;2;;;
2414506;4/5/1976;2;1976;5;19765
2500304;9/12/2011;2;2011;12;201112
2500403;;1;;;
2500601;9/11/1986;1;1986;11;198611
2500700;11/11/2011;1;2011;11;201111
2501005;;1;;;
2501104;2/1/1951;2;1951;1;19511
2501500;;2;;;
2501807;9/11/1986;5;1986;11;198611
2501906;;1;;;
2502805;12/12/2011;1;2011;12;201112
2503209;11/7/2014;5;2014;7;20147
2503704;6/3/1938;6;1938;3;19383
2504009;9/9/1948;20;1948;9;19489
2504306;11/7/1959;4;1959;7;19597
2504405;11/10/2011;2;2011;10;201110
2505105;9/12/2011;2;2011;12;201112
2506004;7/6/1987;3;1987;6;19876
2506301;4/6/1970;5;1970;6;19706
2506905;12/1/1978;3;1978;1;19781
2507002;1/2/1958;4;1958;2;19582
2507507;4/1/1916;75;1916;1;19161
2508901;3/4/1953;4;1953;4;19534
2509107;9/12/2011;1;2011;12;201112
2509701;11/9/2011;4;2011;9;20119
2510808;;7;;;
2511202;8/6/1987;2;1987;6;19876
2511301;10/11/1965;1;1965;11;196511
2511400;12/7/2012;3;2012;7;20127
2511806;;1;;;
2512002;;1;;;
2512101;12/1/1978;4;1978;1;19781
2512309;8/1/1975;2;1975;1;19751
2512507;;2;;;
2512903;;1;;;
2513406;;2;;;
2513703;6/1/1989;6;1989;1;19891
2513901;12/4/1978;3;1978;4;19784
2514503;12/5/1986;1;1986;5;19865
2515302;7/12/1965;4;1965;12;196512
2515500;;1;;;
2516003;10/9/1986;3;1986;9;19869
2516102;3/3/1980;1;1980;3;19803
2516201;1/2/1959;6;1959;2;19592
2516300;5/3/1982;1;1982;3;19823
2516607;;1;;;
2516706;;1;;;
2516904;6/1/1978;1;1978;1;19781
2600054;6/7/1991;6;1991;7;19917
2600104;6/1/1989;3;1989;1;19891
2600203;6/1/1978;1;1978;1;19781
2600302;12/7/1989;1;1989;7;19897
2600401;;1;;;
2600500;;1;;;
2600708;;1;;;
2600807;;1;;;
2601102;11/7/1978;6;1978;7;19787
2601201;12/6/1973;6;1973;6;19736
2601409;11/5/1982;4;1982;5;19825
2601607;6/1/1978;1;1978;1;19781
2601706;11/3/1970;6;1970;3;19703
2601904;6/1/1989;5;1989;1;19891
2602001;11/8/2011;2;2011;8;20118
2602100;;4;;;
2602209;6/8/1990;1;1990;8;19908
2602308;9/8/1975;3;1975;8;19758
2602605;;2;;;
2602803;;3;;;
2602902;2/8/1963;8;1963;8;19638
2603009;;4;;;
2603108;12/7/1989;1;1989;7;19897
2603207;;1;;;
2603454;3/4/1986;6;1986;4;19864
2603702;;1;;;
2604007;10/11/2011;6;2011;11;201111
2604106;12/6/1973;17;1973;6;19736
2604205;;3;;;
2604502;;1;;;
2605004;6/1/1978;1;1978;1;19781
2605103;3/7/1990;2;1990;7;19907
2605202;11/4/1982;5;1982;4;19824
2605301;12/12/1978;1;1978;12;197812
2605459;;2;;;
2605707;;3;;;
2605905;;1;;;
2606002;1/5/1953;8;1953;5;19535
2606200;12/7/1942;6;1942;7;19427
2606408;4/12/1976;5;1976;12;197612
2606606;;1;;;
2606804;10/4/1982;5;1982;4;19824
2607208;;7;;;
2607307;;1;;;
2607505;;1;;;
2607604;11/11/1991;1;1991;11;199111
2607653;;2;;;
2607752;;1;;;
2607901;4/12/1976;20;1976;12;197612
2608107;6/8/1990;1;1990;8;19908
2608503;;1;;;
2608750;;1;;;
2608800;6/1/1989;3;1989;1;19891
2608909;;5;;;
2609402;8/7/1989;3;1989;7;19897
2609501;10/5/1990;3;1990;5;19905
2609600;2/6/1981;9;1981;6;19816
2609709;;1;;;
2609907;10/9/1986;5;1986;9;19869
2610004;4/7/1940;6;1940;7;19407
2610400;;1;;;
2610608;8/4/2015;3;2015;4;20154
2610707;;8;;;
2610905;6/11/1964;5;1964;11;196411
2611002;6/1/1978;3;1978;1;19781
2611101;1/2/1959;12;1959;2;19592
2611606;8/12/1913;157;1913;12;191312
2611804;;4;;;
2611903;;1;;;
2612208;11/5/1959;5;1959;5;19595
2612406;11/11/1991;1;1991;11;199111
2612505;9/8/1977;7;1977;8;19778
2612604;6/1/1978;3;1978;1;19781
2613008;9/2/1963;3;1963;2;19632
2613107;;1;;;
2613503;;1;;;
2613602;;2;;;
2613701;3/4/1986;5;1986;4;19864
2613909;9/6/1943;5;1943;6;19436
2614105;11/5/1960;4;1960;5;19605
2614204;;1;;;
2614501;1/2/1958;5;1958;2;19582
2614600;10/11/1988;2;1988;11;198811
2614808;;1;;;
2615003;3/3/1980;1;1980;3;19803
2615300;9/8/1959;5;1959;8;19598
2615409;11/11/1991;3;1991;11;199111
2615607;12/5/1986;2;1986;5;19865
2615706;11/3/1989;1;1989;3;19893
2616001;;1;;;
2616308;;1;;;
2616407;12/6/1973;7;1973;6;19736
2700102;;1;;;
2700300;3/10/1956;9;1956;10;195610
2700409;;3;;;
2700706;6/6/1964;1;1964;6;19646
2701001;6/11/1987;2;1987;11;198711
2701407;11/11/2011;2;2011;11;201111
2701704;6/1/1989;1;1989;1;19891
2702306;5/5/1980;4;1980;5;19805
2702405;;4;;;
2702900;11/7/2011;3;2011;7;20117
2703106;;1;;;
2703809;;1;;;
2704302;4/9/1970;64;1970;9;19709
2704401;6/11/1987;1;1987;11;198711
2704500;11/1/2011;4;2011;1;20111
2704708;;2;;;
2704807;6/1/1989;1;1989;1;19891
2705002;7/1/1960;1;1960;1;19601
2705507;11/11/2011;3;2011;11;201111
2705705;9/1/2015;2;2015;1;20151
2706307;12/6/1973;5;1973;6;19736
2706406;;1;;;
2706703;2/1/1955;4;1955;1;19551
2706901;6/1/1989;1;1989;1;19891
2707107;;1;;;
2707305;11/4/2011;2;2011;4;20114
2707701;;4;;;
2708006;2/9/1953;4;1953;9;19539
2708303;5/5/1980;1;1980;5;19805
2708402;11/8/2011;2;2011;8;20118
2708501;;2;;;
2708600;2/4/1975;4;1975;4;19754
2708808;10/10/2011;3;2011;10;201110
2709103;;1;;;
2709152;4/12/1991;3;1991;12;199112
2709301;1/11/1979;4;1979;11;197911
2709400;9/12/2011;4;2011;12;201112
2800209;12/6/1967;1;1967;6;19676
2800308;1/2/1964;63;1964;2;19642
2800506;5/10/1990;1;1990;10;199010
2800605;12/9/2004;2;2004;9;20049
2800670;;3;;;
2801009;;1;;;
2801108;;1;;;
2801207;;3;;;
2801306;4/1/1947;4;1947;1;19471
2801405;4/7/1981;3;1981;7;19817
2801504;2/8/1983;2;1983;8;19838
2801702;;1;;;
2802106;1/7/1947;5;1947;7;19477
2802304;;3;;;
2802403;;1;;;
2802809;;1;;;
2802908;1/11/1947;6;1947;11;194711
2803005;8/10/1982;4;1982;10;198210
2803104;;1;;;
2803203;6/5/2012;2;2012;5;20125
2803302;11/11/1986;2;1986;11;198611
2803401;;1;;;
2803500;7/2/1953;5;1953;2;19532
2803609;;3;;;
2803906;10/9/1990;1;1990;9;19909
2804003;6/1/1989;1;1989;1;19891
2804409;11/6/1974;4;1974;6;19746
2804458;;1;;;
2804508;8/7/1978;5;1978;7;19787
2804607;11/11/1986;4;1986;11;198611
2804805;10/10/1986;6;1986;10;198610
2805307;;1;;;
2805406;;1;;;
2805505;6/1/1978;3;1978;1;19781
2805604;5/6/1968;1;1968;6;19686
2805703;12/6/1973;5;1973;6;19736
2805802;;1;;;
2805901;12/9/2004;1;2004;9;20049
2806008;5/4/1984;2;1984;4;19844
2806107;7/1/1997;1;1997;1;19971
2806602;;1;;;
2806701;3/8/2002;4;2002;8;20028
2807105;1/2/1959;5;1959;2;19592
2807204;12/11/1981;1;1981;11;198111
2807402;11/12/1973;5;1973;12;197312
2807600;11/6/1986;3;1986;6;19866
2900207;;1;;;
2900306;;1;;;
2900702;10/8/1934;9;1934;8;19348
2900801;7/1/1997;1;1997;1;19971
2901007;6/10/1943;3;1943;10;194310
2901106;12/10/1979;2;1979;10;197910
2901205;;1;;;
2901304;;2;;;
2901403;6/8/1988;2;1988;8;19888
2902104;6/11/2014;4;2014;11;201411
2902500;;1;;;
2902609;;1;;;
2902708;2/1/1943;3;1943;1;19431
2902807;;3;;;
2902906;;2;;;
2903003;;1;;;
2903201;7/10/1979;13;1979;10;197910
2903409;3/3/1980;2;1980;3;19803
2903508;;1;;;
2903904;8/9/1971;5;1971;9;19719
2904050;12/12/2011;1;2011;12;201112
2904100;;1;;;
2904209;;1;;;
2904605;4/5/1971;5;1971;5;19715
2904704;12/6/1973;1;1973;6;19736
2904753;12/12/2011;1;2011;12;201112
2904902;12/6/1973;2;1973;6;19736
2905008;12/6/1973;2;1973;6;19736
2905206;3/1/1943;3;1943;1;19431
2905305;;1;;;
2905602;12/6/1973;4;1973;6;19736
2905701;5/3/1982;14;1982;3;19823
2905800;;2;;;
2906006;3/7/1986;4;1986;7;19867
2906303;1/2/1941;3;1941;2;19412
2906501;12/6/1973;5;1973;6;19736
2906600;;1;;;
2906709;;2;;;
2906808;7/4/1975;2;1975;4;19754
2906873;3/11/1991;3;1991;11;199111
2907103;8/9/2013;2;2013;9;20139
2907202;;4;;;
2907301;7/7/1969;2;1969;7;19697
2907509;12/6/1973;5;1973;6;19736
2907806;1/2/1958;4;1958;2;19582
2907905;;1;;;
2908002;12/6/1973;3;1973;6;19736
2908309;;1;;;
2908408;12/6/1973;4;1973;6;19736
2908507;;3;;;
2908606;10/3/2008;1;2008;3;20083
2908705;;2;;;
2908903;;1;;;
2909109;;1;;;
2909307;5/3/1982;3;1982;3;19823
2909604;;1;;;
2909802;12/6/1973;5;1973;6;19736
2909901;;1;;;
2910008;;1;;;
2910057;3/11/1991;5;1991;11;199111
2910404;;1;;;
2910503;11/4/1974;3;1974;4;19744
2910602;1/8/2010;3;2010;8;20108
2910701;2/12/1974;4;1974;12;197412
2910727;4/7/1975;7;1975;7;19757
2910800;3/1/1919;27;1919;1;19191
2911006;;1;;;
2911105;11/1/1978;3;1978;1;19781
2911204;12/6/1973;3;1973;6;19736
2911709;6/9/1964;6;1964;9;19649
2911907;;1;;;
2912103;12/6/1973;2;1973;6;19736
2912202;;1;;;
2912400;;1;;;
2912905;;1;;;
2913200;4/7/1975;4;1975;7;19757
2913507;;2;;;
2913606;3/1/1917;9;1917;1;19171
2913705;;3;;;
2913804;;1;;;
2913903;4/10/1954;4;1954;10;195410
2914000;1/12/1976;4;1976;12;197612
2914109;9/10/2004;2;2004;10;200410
2914406;;2;;;
2914505;12/1/1964;3;1964;1;19641
2914604;12/6/1973;6;1973;6;19736
2914653;11/11/2005;3;2005;11;200511
2914703;12/6/1973;4;1973;6;19736
2914802;12/6/1973;10;1973;6;19736
2914901;12/9/2011;3;2011;9;20119
2915205;;1;;;
2915304;;1;;;
2915403;;1;;;
2915502;9/8/1959;1;1959;8;19598
2915601;10/2/1972;4;1972;2;19722
2915809;11/5/2012;2;2012;5;20125
2916005;;1;;;
2916104;6/12/2012;2;2012;12;201212
2916401;3/2/1959;5;1959;2;19592
2916500;;1;;;
2916807;;1;;;
2916856;12/1/2011;1;2011;1;20111
2916906;;1;;;
2917003;7/6/1979;2;1979;6;19796
2917102;12/6/1973;1;1973;6;19736
2917201;;1;;;
2917300;11/6/1978;2;1978;6;19786
2917508;8/7/1940;5;1940;7;19407
2917607;7/5/1979;4;1979;5;19795
2917706;;3;;;
2918001;9/1/1923;7;1923;1;19231
2918100;11/3/1975;3;1975;3;19753
2918407;12/6/1973;9;1973;6;19736
2919157;;1;;;
2919207;5/5/1986;18;1986;5;19865
2919306;;1;;;
2919405;;1;;;
2919504;6/1/1978;3;1978;1;19781
2919553;3/11/1991;7;1991;11;199111
2919702;;1;;;
2919801;9/11/1978;3;1978;11;197811
2919926;6/3/2003;2;2003;3;20033
2920007;;1;;;
2920106;;1;;;
2920304;;1;;;
2920502;1/12/1976;2;1976;12;197612
2920601;;2;;;
2921005;11/5/2012;4;2012;5;20125
2921104;12/6/1973;4;1973;6;19736
2921203;6/1/1978;2;1978;1;19781
2921302;;1;;;
2921500;2/10/2006;4;2006;10;200610
2921708;9/12/1978;4;1978;12;197812
2921807;;1;;;
2921906;6/1/1978;1;1978;1;19781
2922003;;3;;;
2922102;3/2/1940;3;1940;2;19402
2922300;;2;;;
2922409;7/5/1979;1;1979;5;19795
2922508;5/11/1936;3;1936;11;193611
2922607;;1;;;
2922706;;1;;;
2922904;;2;;;
2923001;5/7/1991;3;1991;7;19917
2923100;11/7/2011;1;2011;7;20117
2923209;9/6/1989;1;1989;6;19896
2923407;;2;;;
2923506;;1;;;
2923605;;3;;;
2923704;;1;;;
2923803;;1;;;
2924009;12/6/1973;8;1973;6;19736
2924207;;1;;;
2924306;;1;;;
2924405;;1;;;
2924504;;1;;;
2924603;;1;;;
2924801;;1;;;
2924900;;1;;;
2925006;;1;;;
2925105;12/1/1986;3;1986;1;19861
2925204;3/11/1991;3;1991;11;199111
2925303;8/12/1985;8;1985;12;198512
2925402;;1;;;
2925501;;2;;;
2925600;;1;;;
2925709;;1;;;
2925758;;1;;;
2925808;11/11/2011;2;2011;11;201111
2925907;;1;;;
2926004;12/1/1964;3;1964;1;19641
2926202;7/11/1988;2;1988;11;198811
2926301;3/12/2012;3;2012;12;201212
2926400;11/3/2011;3;2011;3;20113
2926608;9/6/1977;3;1977;6;19776
2926707;12/10/1986;1;1986;10;198610
2926806;;1;;;
2926905;;1;;;
2927002;7/12/1982;3;1982;12;198212
2927101;;1;;;
2927200;4/5/2013;3;2013;5;20135
2927408;10/4/1935;208;1935;4;19354
2927606;;1;;;
2927705;;2;;;
2928000;6/1/1978;3;1978;1;19781
2928109;7/6/1964;4;1964;6;19646
2928208;;3;;;
2928406;11/12/1979;2;1979;12;197912
2928604;9/9/1937;4;1937;9;19379
2928703;12/6/1973;7;1973;6;19736
2928802;4/9/2012;3;2012;9;20129
2928901;;2;;;
2929008;2/12/1919;1;1919;12;191912
2929206;;2;;;
2929255;12/1/2011;1;2011;1;20111
2929305;9/10/1937;2;1937;10;193710
2929503;12/6/1973;3;1973;6;19736
2929602;;1;;;
2929800;2/10/2006;2;2006;10;200610
2929909;;4;;;
2930105;12/6/1973;5;1973;6;19736
2930154;;2;;;
2930204;;1;;;
2930303;12/5/1989;1;1989;5;19895
2930402;;1;;;
2930501;4/6/1936;5;1936;6;19366
2930709;8/7/1978;6;1978;7;19787
2930774;;1;;;
2930808;;1;;;
2931004;7/7/1980;1;1980;7;19807
2931202;;1;;;
2931301;;1;;;
2931350;12/1/1981;8;1981;1;19811
2931608;;1;;;
2931905;2/10/2006;4;2006;10;200610
2932002;9/7/1982;2;1982;7;19827
2932200;12/6/1973;2;1973;6;19736
2932309;12/6/1973;2;1973;6;19736
2932507;12/8/1975;1;1975;8;19758
2932606;9/8/1987;1;1987;8;19878
2932705;;1;;;
2932804;;1;;;
2932903;12/6/1973;5;1973;6;19736
2933000;;1;;;
2933208;6/3/2003;3;2003;3;20033
2933307;9/7/1936;15;1936;7;19367
2933406;;1;;;
2933455;;1;;;
2933604;9/12/1978;4;1978;12;197812
3100203;;3;;;
3100302;4/5/1982;1;1982;5;19825
3100609;;1;;;
3100906;11/9/2011;4;2011;9;20119
3101003;;1;;;
3101102;;3;;;
3101201;;1;;;
3101508;;4;;;
3101607;3/2/1942;6;1942;2;19422
3101706;2/7/1986;5;1986;7;19867
3101904;7/8/1988;3;1988;8;19888
3102001;9/11/1987;1;1987;11;198711
3102100;;1;;;
3102308;;2;;;
3102605;6/7/1974;4;1974;7;19747
3102704;;1;;;
3102803;1/7/1983;1;1983;7;19837
3103009;;1;;;
3103405;8/2/1941;5;1941;2;19412
3103504;12/6/1973;5;1973;6;19736
3103751;;1;;;
3103900;;1;;;
3104007;10/11/1942;6;1942;11;194211
3104106;;1;;;
3104205;12/1/1988;4;1988;1;19881
3104304;9/11/1987;2;1987;11;198711
3104502;10/3/2013;2;2013;3;20133
3104601;;1;;;
3104700;;1;;;
3104908;7/2/1957;1;1957;2;19572
3105103;;4;;;
3105400;12/1/2006;4;2006;1;20061
3105608;12/6/1973;9;1973;6;19736
3105905;8/1/1961;2;1961;1;19611
3106002;;1;;;
3106200;5/3/1943;299;1943;3;19433
3106309;;3;;;
3106507;;1;;;
3106705;12/10/1980;17;1980;10;198010
3106903;6/1/1989;3;1989;1;19891
3107109;3/6/1986;4;1986;6;19866
3107307;2/11/1959;5;1959;11;195911
3107406;12/1/1964;5;1964;1;19641
3107604;;1;;;
3107802;2/2/2004;1;2004;2;20042
3108008;6/1/1989;2;1989;1;19891
3108107;;2;;;
3108206;1/11/1988;1;1988;11;198811
3108305;5/12/1988;2;1988;12;198812
3108404;;2;;;
3108552;11/10/2004;2;2004;10;200410
3108602;7/8/1976;3;1976;8;19768
3108909;;1;;;
3109006;8/12/1996;5;1996;12;199612
3109105;10/10/2016;2;2016;10;201610
3109204;;1;;;
3109303;11/4/1994;3;1994;4;19944
3109402;9/10/2007;2;2007;10;200710
3109501;6/10/1988;1;1988;10;198810
3109600;;1;;;
3109709;10/8/1986;1;1986;8;19868
3110004;6/1/1989;4;1989;1;19891
3110301;6/1/1989;2;1989;1;19891
3110509;5/12/1988;5;1988;12;198812
3110608;5/12/1988;5;1988;12;198812
3110707;;1;;;
3110806;;1;;;
3110905;10/9/1987;3;1987;9;19879
3111002;6/1/1989;4;1989;1;19891
3111101;6/9/1981;3;1981;9;19819
3111200;4/4/1942;5;1942;4;19424
3111408;;1;;;
3111507;4/12/1991;3;1991;12;199112
3111606;8/8/1986;2;1986;8;19868
3111804;;1;;;
3112000;;1;;;
3112307;11/6/1978;4;1978;6;19786
3112604;2/3/2012;2;2012;3;20123
3113206;10/10/1957;4;1957;10;195710
3113305;5/1/1918;4;1918;1;19181
3113404;10/8/1951;5;1951;8;19518
3113503;;1;;;
3113701;9/1/1942;3;1942;1;19421
3113909;;1;;;
3114006;;1;;;
3114204;7/4/2012;1;2012;4;20124
3114303;5/5/1962;4;1962;5;19625
3114402;9/11/1987;3;1987;11;198711
3114501;11/11/1987;2;1987;11;198711
3114550;;1;;;
3115102;7/12/1965;2;1965;12;196512
3115300;5/1/1918;5;1918;1;19181
3115508;;4;;;
3115805;8/10/1978;1;1978;10;197810
3116100;;1;;;
3116605;;2;;;
3116704;;1;;;
3116803;;1;;;
3117108;9/11/1987;1;1987;11;198711
3117306;8/11/1978;4;1978;11;197811
3117504;12/1/1964;2;1964;1;19641
3117603;;1;;;
3117702;12/12/1953;2;1953;12;195312
3117801;5/9/1977;1;1977;9;19779
3117900;;1;;;
3118007;;5;;;
3118205;6/1/1989;2;1989;1;19891
3118304;4/3/1944;6;1944;3;19443
3118403;2/1/1965;2;1965;1;19651
3118601;12/5/1980;36;1980;5;19805
3118700;10/9/1987;1;1987;9;19879
3118809;;1;;;
3119104;6/1/1989;4;1989;1;19891
3119203;;1;;;
3119302;6/1/1989;4;1989;1;19891
3119401;3/8/1974;7;1974;8;19748
3120201;;1;;;
3120508;8/8/1986;1;1986;8;19868
3120706;;1;;;
3120805;5/6/2013;3;2013;6;20136
3120904;1/2/1942;5;1942;2;19422
3121001;12/8/2003;1;2003;8;20038
3121100;;1;;;
3121407;;1;;;
3121605;8/1/1948;6;1948;1;19481
3122009;;3;;;
3122306;6/1/1948;14;1948;1;19481
3122454;5/10/2004;1;2004;10;200410
3122504;2/9/2004;1;2004;9;20049
3122702;;1;;;
3122900;;1;;;
3123205;6/6/1981;3;1981;6;19816
3123601;10/9/1955;4;1955;9;19559
3123700;12/12/2011;1;2011;12;201112
3123858;;1;;;
3123908;;2;;;
3124005;9/12/1986;1;1986;12;198612
3124104;9/3/2007;3;2007;3;20073
3124203;;2;;;
3124302;3/8/2013;3;2013;8;20138
3124500;5/12/1988;2;1988;12;198812
3124807;9/11/1959;1;1959;11;195911
3124906;5/10/2004;1;2004;10;200410
3125101;6/8/1988;5;1988;8;19888
3125606;;1;;;
3126109;11/3/1942;5;1942;3;19423
3126307;;1;;;
3126703;7/4/1959;3;1959;4;19594
3127008;12/3/2012;1;2012;3;20123
3127107;4/11/1959;5;1959;11;195911
3127602;2/2/2004;1;2004;2;20042
3127701;1/3/1962;16;1962;3;19623
3127800;1/7/1985;1;1985;7;19857
3128006;4/1/1959;4;1959;1;19591
3128105;;1;;;
3128204;;1;;;
3128303;;2;;;
3128402;;1;;;
3128600;;1;;;
3128709;11/7/1923;5;1923;7;19237
3128907;3/8/1979;1;1979;8;19798
3129103;;1;;;
3129202;;1;;;
3129301;;1;;;
3129509;10/4/1993;4;1993;4;19934
3129707;;1;;;
3129806;6/1/1989;5;1989;1;19891
3130101;12/8/2011;4;2011;8;20118
3130200;;1;;;
3130309;;1;;;
3130705;;1;;;
3130903;7/7/1962;3;1962;7;19627
3131208;8/8/1966;2;1966;8;19668
3131307;12/9/1976;20;1976;9;19769
3131505;;1;;;
3131604;;1;;;
3131703;10/10/1972;6;1972;10;197210
3131802;;1;;;
3131901;3/6/1986;5;1986;6;19866
3132107;;1;;;
3132206;;2;;;
3132305;;1;;;
3132404;8/5/1952;8;1952;5;19525
3132503;9/3/2012;2;2012;3;20123
3132701;10/9/1986;3;1986;9;19869
3132909;;1;;;
3133006;9/12/2011;3;2011;12;201112
3133105;7/2/1966;2;1966;2;19662
3133204;3/9/1979;1;1979;9;19799
3133303;1/9/1987;2;1987;9;19879
3133402;12/6/1973;2;1973;6;19736
3133501;3/10/1989;3;1989;10;198910
3133600;10/10/2016;1;2016;10;201610
3133709;8/3/2012;1;2012;3;20123
3133758;1/2/1989;3;1989;2;19892
3133808;8/5/1949;5;1949;5;19495
3134202;9/5/1942;6;1942;5;19425
3134400;12/6/1973;5;1973;6;19736
3134608;8/7/1989;1;1989;7;19897
3134707;5/2/1980;1;1980;2;19802
3134806;7/8/1988;1;1988;8;19888
3134905;;3;;;
3135050;12/12/2003;4;2003;12;200312
3135100;3/8/1976;6;1976;8;19768
3135209;8/10/1959;6;1959;10;195910
3135506;;1;;;
3135605;;1;;;
3135803;3/2/1959;3;1959;2;19592
3136009;12/7/1989;2;1989;7;19897
3136207;10/8/1986;6;1986;8;19868
3136306;11/6/1982;4;1982;6;19826
3136603;;1;;;
3136652;;3;;;
3136702;11/3/1933;45;1933;3;19333
3137007;;1;;;
3137106;;1;;;
3137205;11/3/1989;5;1989;3;19893
3137403;;1;;;
3137502;;1;;;
3137601;6/1/1989;5;1989;1;19891
3137700;3/12/1976;1;1976;12;197612
3137809;10/9/1987;3;1987;9;19879
3138203;12/1/1954;6;1954;1;19541
3138401;6/4/1985;5;1985;4;19854
3138500;;1;;;
3138609;;2;;;
3138625;10/10/2016;1;2016;10;201610
3138807;6/1/1989;3;1989;1;19891
3138906;;1;;;
3139003;;5;;;
3139201;2/10/2012;2;2012;10;201210
3139300;4/12/1978;1;1978;12;197812
3139409;6/6/1949;6;1949;6;19496
3139508;;3;;;
3139607;;4;;;
3139706;;1;;;
3139805;;1;;;
3139904;6/1/1989;1;1989;1;19891
3140001;6/1/1989;5;1989;1;19891
3140506;11/11/1987;2;1987;11;198711
3140555;5/3/2004;1;2004;3;20043
3140704;10/9/1987;4;1987;9;19879
3140803;3/11/1991;2;1991;11;199111
3140902;10/9/1986;2;1986;9;19869
3141009;11/11/2011;2;2011;11;201111
3141108;6/1/1989;4;1989;1;19891
3141405;6/1/1989;3;1989;1;19891
3141504;4/12/2004;1;2004;12;200412
3141603;9/12/1986;1;1986;12;198612
3141801;;1;;;
3142106;;1;;;
3142205;;1;;;
3142304;;1;;;
3142403;;1;;;
3142601;4/12/1991;2;1991;12;199112
3142700;;1;;;
3142809;6/10/1981;2;1981;10;198110
3142908;;2;;;
3143005;;1;;;
3143104;4/2/1955;4;1955;2;19552
3143203;7/7/1945;3;1945;7;19457
3143302;5/9/1950;17;1950;9;19509
3143401;11/12/1986;3;1986;12;198612
3143500;;1;;;
3143807;;1;;;
3143906;10/6/1947;6;1947;6;19476
3144003;;2;;;
3144102;10/10/1966;4;1966;10;196610
3144300;9/9/1961;6;1961;9;19619
3144409;;1;;;
3144508;2/2/2004;1;2004;2;20042
3144607;8/8/1986;4;1986;8;19868
3144706;6/1/1989;2;1989;1;19891
3144805;3/7/1986;10;1986;7;19867
3145000;4/12/2004;2;2004;12;200412
3145109;6/10/1988;1;1988;10;198810
3145208;3/10/1989;5;1989;10;198910
3145307;;1;;;
3145604;7/2/1952;5;1952;2;19522
3145901;;5;;;
3146008;10/6/1978;4;1978;6;19786
3146107;8/12/2022;6;2022;12;202212
3146305;;1;;;
3146701;;1;;;
3146750;;1;;;
3146909;;2;;;
3147006;;5;;;
3147105;11/3/1950;5;1950;3;19503
3147204;10/12/1955;3;1955;12;195512
3147303;6/1/1989;4;1989;1;19891
3147402;11/3/1989;2;1989;3;19893
3147600;;2;;;
3147709;;1;;;
3147907;9/9/1985;7;1985;9;19859
3148004;10/2/1950;9;1950;2;19502
3148103;11/4/1946;5;1946;4;19464
3148301;;1;;;
3148509;;1;;;
3148608;3/12/1979;1;1979;12;197912
3148707;11/9/1942;2;1942;9;19429
3149101;;1;;;
3149309;3/5/1986;4;1986;5;19865
3149705;;1;;;
3149804;;2;;;
3149903;6/1/1989;4;1989;1;19891
3150604;;1;;;
3150703;;1;;;
3150802;10/10/1989;1;1989;10;198910
3151107;6/1/1989;1;1989;1;19891
3151206;5/10/2021;6;2021;10;202110
3151305;10/4/1976;1;1976;4;19764
3151404;6/1/1989;4;1989;1;19891
3151503;3/4/1986;4;1986;4;19864
3151602;;1;;;
3151701;8/11/1987;2;1987;11;198711
3151800;8/5/1952;14;1952;5;19525
3151909;3/8/2004;1;2004;8;20048
3152006;11/11/1987;2;1987;11;198711
3152105;4/1/1939;5;1939;1;19391
3152204;8/10/1959;3;1959;10;195910
3152402;10/9/1986;1;1986;9;19869
3152501;5/5/1940;13;1940;5;19405
3152600;11/6/1978;1;1978;6;19786
3152808;7/2/1966;4;1966;2;19662
3152907;6/1/1989;1;1989;1;19891
3153400;;2;;;
3153509;2/9/2004;1;2004;9;20049
3154002;1/10/1957;2;1957;10;195710
3154200;;1;;;
3154309;2/4/1961;2;1961;4;19614
3154457;;1;;;
3154606;9/12/2006;7;2006;12;200612
3154705;;1;;;
3154804;5/3/2004;1;2004;3;20043
3154903;6/1/1989;3;1989;1;19891
3155108;;1;;;
3155504;7/5/1982;2;1982;5;19825
3155603;5/3/1984;1;1984;3;19843
3155702;10/10/1989;1;1989;10;198910
3155801;;4;;;
3155900;;1;;;
3156007;;1;;;
3156601;10/6/1978;1;1978;6;19786
3156700;11/4/1985;7;1985;4;19854
3156809;9/12/1986;1;1986;12;198612
3156908;3/4/1986;4;1986;4;19864
3157005;;4;;;
3157104;6/1/1989;1;1989;1;19891
3157203;6/1/1989;3;1989;1;19891
3157708;4/12/1991;1;1991;12;199112
3157807;8/1/1961;9;1961;1;19611
3157906;10/9/1986;1;1986;9;19869
3158003;11/10/1989;1;1989;10;198910
3158201;;2;;;
3158300;;1;;;
3158508;;1;;;
3158805;;1;;;
3158953;5/10/2004;1;2004;10;200410
3159209;;1;;;
3159605;10/1/1976;5;1976;1;19761
3159803;6/10/1981;2;1981;10;198110
3159902;;2;;;
3160306;;1;;;
3160405;7/5/1982;3;1982;5;19825
3160702;9/8/1949;5;1949;8;19498
3161007;;2;;;
3161106;6/5/1981;4;1981;5;19815
3161502;;1;;;
3161700;;1;;;
3161809;;1;;;
3161908;;1;;;
3162005;8/6/1979;4;1979;6;19796
3162104;;5;;;
3162401;;2;;;
3162500;1/10/1942;5;1942;10;194210
3162575;;1;;;
3162708;11/7/2011;1;2011;7;20117
3162807;2/9/2004;2;2004;9;20049
3162906;9/8/1993;3;1993;8;19938
3162948;11/10/2004;1;2004;10;200410
3162955;;2;;;
3163300;;1;;;
3163409;;1;;;
3163508;4/5/2004;1;2004;5;20045
3163706;3/7/1986;5;1986;7;19867
3164100;7/11/1975;1;1975;11;197511
3164506;;1;;;
3164704;10/1/1956;5;1956;1;19561
3165008;;1;;;
3165206;;1;;;
3165537;2/4/2013;3;2013;4;20134
3165701;;1;;;
3166006;;1;;;
3166709;;1;;;
3166808;;2;;;
3167103;3/12/1979;2;1979;12;197912
3167202;6/7/1948;13;1948;7;19487
3167608;7/9/2010;1;2010;9;20109
3167707;3/10/1981;1;1981;10;198110
3168002;10/5/1994;3;1994;5;19945
3168309;;1;;;
3168408;;1;;;
3168507;9/12/1986;1;1986;12;198612
3168606;12/12/1949;7;1949;12;194912
3168705;1/5/1987;6;1987;5;19875
3168804;;1;;;
3168903;;1;;;
3169000;6/6/2012;2;2012;6;20126
3169208;;1;;;
3169307;7/5/1916;5;1916;5;19165
3169356;2/9/1979;3;1979;9;19799
3169406;;5;;;
3169505;;1;;;
3169604;5/5/1958;4;1958;5;19585
3169703;;1;;;
3169901;7/2/1946;7;1946;2;19462
3170008;;1;;;
3170057;12/8/2003;1;2003;8;20038
3170107;8/10/1916;26;1916;10;191610
3170206;4/5/1938;53;1938;5;19385
3170404;8/4/1962;5;1962;4;19624
3170503;3/8/2004;1;2004;8;20048
3170701;8/9/1918;11;1918;9;19189
3170800;11/3/2011;2;2011;3;20113
3170909;;1;;;
3171006;;3;;;
3171204;11/4/1982;5;1982;4;19824
3171303;;4;;;
3171501;4/12/2004;1;2004;12;200412
3171600;;1;;;
3171709;9/3/1962;1;1962;3;19623
3171808;9/12/1986;1;1986;12;198612
3172004;7/4/1948;4;1948;4;19484
3200102;9/1/1941;3;1941;1;19411
3200136;11/1/2001;1;2001;1;20011
3200169;;1;;;
3200201;3/1/1939;4;1939;1;19391
3200300;11/11/1963;3;1963;11;196311
3200359;;1;;;
3200409;6/1/1989;3;1989;1;19891
3200508;11/1/2001;1;2001;1;20011
3200607;7/9/1962;6;1962;9;19629
3200706;11/1/2001;1;2001;1;20011
3200805;11/9/2011;4;2011;9;20119
3200904;6/3/1958;4;1958;3;19583
3201001;;2;;;
3201100;9/10/1942;1;1942;10;194210
3201159;10/7/2005;2;2005;7;20057
3201209;7/1/1938;12;1938;1;19381
3201308;10/8/1974;14;1974;8;19748
3201407;6/3/1946;4;1946;3;19463
3201506;7/1/1938;9;1938;1;19381
3201605;8/1/1981;2;1981;1;19811
3201704;10/9/1978;2;1978;9;19789
3201902;6/12/1963;4;1963;12;196312
3202009;10/6/2005;1;2005;6;20056
3202108;;2;;;
3202207;3/7/1979;1;1979;7;19797
3202306;7/2/1955;4;1955;2;19552
3202405;3/8/1985;10;1985;8;19858
3202454;4/11/1991;3;1991;11;199111
3202504;2/6/1975;2;1975;6;19756
3202603;12/3/1974;4;1974;3;19743
3202652;9/1/2004;1;2004;1;20041
3202702;6/1/1989;2;1989;1;19891
3202801;5/3/1993;4;1993;3;19933
3202900;;2;;;
3203007;12/3/1962;3;1962;3;19623
3203056;3/5/1991;2;1991;5;19915
3203106;11/1/2001;1;2001;1;20011
3203130;9/4/1989;4;1989;4;19894
3203163;11/1/2001;1;2001;1;20011
3203205;6/3/1953;10;1953;3;19533
3203304;11/1/2001;1;2001;1;20011
3203320;3/5/1991;3;1991;5;19915
3203346;4/5/1993;4;1993;5;19935
3203353;7/11/2006;1;2006;11;200611
3203403;7/2/1942;3;1942;2;19422
3203502;12/7/1978;3;1978;7;19787
3203700;10/1/1982;2;1982;1;19821
3203809;3/2/1953;3;1953;2;19532
3203908;3/11/1985;5;1985;11;198511
3204005;1/4/1974;2;1974;4;19744
3204054;6/8/1978;2;1978;8;19788
3204104;;4;;;
3204203;;2;;;
3204252;;1;;;
3204302;4/3/1978;3;1978;3;19783
3204351;11/1/2001;1;2001;1;20011
3204401;;1;;;
3204500;4/1/1985;2;1985;1;19851
3204559;3/11/1968;3;1968;11;196811
3204609;10/10/1942;4;1942;10;194210
3204708;11/11/1974;3;1974;11;197411
3204807;6/1/1989;2;1989;1;19891
3204906;12/5/1978;7;1978;5;19785
3204955;11/1/2001;2;2001;1;20011
3205002;3/9/1979;28;1979;9;19799
3205010;7/11/2006;2;2006;11;200611
3205036;11/9/2012;3;2012;9;20129
3205069;9/1/1988;4;1988;1;19881
3205101;;5;;;
3205176;9/3/1979;2;1979;3;19793
3205200;2/3/1964;31;1964;3;19643
3205309;4/2/1917;64;1917;2;19172
3300100;8/1/1960;10;1960;1;19601
3300159;;1;;;
3300209;9/1/2003;6;2003;1;20031
3300225;3/11/1991;2;1991;11;199111
3300233;3/12/2001;5;2001;12;200112
3300258;11/3/2003;3;2003;3;20033
3300308;7/3/1939;5;1939;3;19393
3300407;6/5/1968;9;1968;5;19685
3300456;11/5/1999;12;1999;5;19995
3300506;11/10/1982;4;1982;10;198210
3300605;8/4/1944;4;1944;4;19444
3300704;7/2/1941;13;1941;2;19412
3300803;11/11/1982;4;1982;11;198211
3300902;11/3/2003;2;2003;3;20033
3300936;;1;;;
3300951;;1;;;
3301009;4/3/1950;26;1950;3;19503
3301108;12/10/1986;4;1986;10;198610
3301157;12/7/1978;1;1978;7;19787
3301207;4/9/1991;3;1991;9;19919
3301306;11/3/2003;3;2003;3;20033
3301405;;3;;;
3301504;3/5/1986;4;1986;5;19865
3301603;;1;;;
3301702;1/3/1953;37;1953;3;19533
3301801;;2;;;
3301850;11/6/1978;3;1978;6;19786
3301876;;2;;;
3301900;12/7/1978;9;1978;7;19787
3302007;;8;;;
3302056;;3;;;
3302106;;4;;;
3302205;6/4/1930;7;1930;4;19304
3302254;10/11/1979;4;1979;11;197911
3302270;;1;;;
3302403;6/10/1923;21;1923;10;192310
3302452;;2;;;
3302502;6/3/1950;11;1950;3;19503
3302601;11/3/2003;3;2003;3;20033
3302700;1/4/1988;8;1988;4;19884
3302809;11/7/2011;4;2011;7;20117
3302858;;6;;;
3302908;8/1/1984;5;1984;1;19841
3303005;11/3/2003;3;2003;3;20033
3303104;;3;;;
3303203;;9;;;
3303302;6/2/1928;65;1928;2;19282
3303401;2/8/1942;13;1942;8;19428
3303500;10/2/1939;31;1939;2;19392
3303609;11/9/2011;5;2011;9;20119
3303708;12/7/2009;5;2009;7;20097
3303807;7/8/1988;6;1988;8;19888
3303856;12/7/2009;3;2009;7;20097
3303906;1/2/1911;27;1911;2;19112
3303955;3/8/1991;4;1991;8;19918
3304003;11/8/1982;3;1982;8;19828
3304102;11/5/1976;3;1976;5;19765
3304110;;3;;;
3304128;;2;;;
3304144;11/5/1999;8;1999;5;19995
3304151;;4;;;
3304201;7/2/1940;11;1940;2;19402
3304300;12/7/1978;5;1978;7;19787
3304409;11/3/2003;2;2003;3;20033
3304508;;1;;;
3304524;11/6/1978;8;1978;6;19786
3304557;1/2/1932;779;1932;2;19322
3304607;;1;;;
3304706;3/4/1948;5;1948;4;19484
3304755;11/3/2003;4;2003;3;20033
3304805;;4;;;
3304904;5/3/1958;31;1958;3;19583
3305000;;4;;;
3305109;11/7/1969;15;1969;7;19697
3305133;;1;;;
3305158;;2;;;
3305208;3/4/1986;5;1986;4;19864
3305307;;1;;;
3305406;6/1/1989;2;1989;1;19891
3305505;5/4/1987;6;1987;4;19874
3305554;;5;;;
3305604;4/8/1988;2;1988;8;19888
3305703;;2;;;
3305752;12/7/1998;3;1998;7;19987
3305802;9/3/1947;11;1947;3;19473
3305901;;1;;;
3306008;10/5/1940;7;1940;5;19405
3306107;9/1/2003;6;2003;1;20031
3306156;7/11/2006;2;2006;11;200611
3306206;6/5/1985;4;1985;5;19855
3306305;10/2/1945;26;1945;2;19452
3500105;6/4/1949;5;1949;4;19494
3500204;;1;;;
3500303;9/5/1946;5;1946;5;19465
3500402;;1;;;
3500501;;5;;;
3500550;4/11/1994;2;1994;11;199411
3500600;12/4/1963;2;1963;4;19634
3500709;;4;;;
3500907;;1;;;
3501004;;4;;;
3501152;;1;;;
3501202;;1;;;
3501301;2/1/1946;3;1946;1;19461
3501608;10/6/1952;25;1952;6;19526
3501707;2/10/2006;5;2006;10;200610
3501806;;2;;;
3501905;7/1/1960;6;1960;1;19601
3502002;1/5/1978;1;1978;5;19785
3502101;12/12/1969;6;1969;12;196912
3502200;;3;;;
3502507;8/4/1986;5;1986;4;19864
3502606;;1;;;
3502705;;4;;;
3502804;4/6/1957;25;1957;6;19576
3502903;1/2/1987;2;1987;2;19872
3503000;;1;;;
3503109;;1;;;
3503208;2/1/1933;23;1933;1;19331
3503307;;8;;;
3503406;;1;;;
3503604;;1;;;
3503703;1/9/1984;2;1984;9;19849
3503802;9/10/1986;5;1986;10;198610
3503901;10/11/2002;7;2002;11;200211
3504008;5/3/1943;8;1943;3;19433
3504107;6/11/1957;14;1957;11;195711
3504206;5/12/1958;5;1958;12;195812
3504404;;2;;;
3504503;9/4/1942;6;1942;4;19424
3504602;;2;;;
3504800;;1;;;
3504909;;2;;;
3505104;;1;;;
3505203;11/3/1949;5;1949;3;19493
3505302;9/10/1976;6;1976;10;197610
3505401;;1;;;
3505500;8/1/1918;9;1918;1;19181
3505609;6/5/1968;4;1968;5;19685
3505708;1/8/1981;44;1981;8;19818
3505807;5/12/1987;5;1987;12;198712
3505906;12/12/1953;6;1953;12;195312
3506003;1/8/1944;36;1944;8;19448
3506102;8/8/1969;7;1969;8;19698
3506300;;2;;;
3506359;7/8/2002;5;2002;8;20028
3506409;;2;;;
3506508;10/7/1943;8;1943;7;19437
3506607;6/1/1989;2;1989;1;19891
3506706;;3;;;
3506805;3/11/1986;2;1986;11;198611
3506904;;1;;;
3507001;3/5/1986;5;1986;5;19865
3507100;3/9/2011;3;2011;9;20119
3507209;;1;;;
3507308;11/6/1978;1;1978;6;19786
3507407;3/3/1986;4;1986;3;19863
3507506;6/3/1952;13;1952;3;19523
3507605;10/1/1919;10;1919;1;19191
3507704;;1;;;
3507803;2/5/1971;4;1971;5;19715
3507902;3/9/1963;4;1963;9;19639
3508009;9/12/2011;2;2011;12;201112
3508108;;4;;;
3508207;;1;;;
3508306;;1;;;
3508405;12/5/2003;4;2003;5;20035
3508504;;6;;;
3508603;10/8/1982;4;1982;8;19828
3508702;;3;;;
3508801;4/1/1940;4;1940;1;19401
3508900;;1;;;
3509007;12/11/1981;6;1981;11;198111
3509106;;1;;;
3509205;6/1/1989;7;1989;1;19891
3509254;;4;;;
3509304;;1;;;
3509403;5/6/1988;4;1988;6;19886
3509502;6/12/1923;177;1923;12;192312
3509601;11/5/1968;6;1968;5;19685
3509700;9/12/1960;6;1960;12;196012
3509908;;2;;;
3510005;7/10/1944;4;1944;10;194410
3510104;;1;;;
3510203;;4;;;
3510302;;1;;;
3510401;11/4/1946;5;1946;4;19464
3510500;7/9/1987;7;1987;9;19879
3510609;6/5/1968;11;1968;5;19685
3510708;4/1/1977;2;1977;1;19771
3510807;3/2/1959;4;1959;2;19592
3511003;5/12/1964;3;1964;12;196412
3511102;6/7/1923;11;1923;7;19237
3511201;;1;;;
3511300;;2;;;
3511409;9/12/1986;4;1986;12;198612
3511508;11/5/1958;5;1958;5;19585
3511607;;3;;;
3511706;;3;;;
3511904;;1;;;
3512001;;3;;;
3512100;12/12/1977;1;1977;12;197712
3512209;11/12/1986;4;1986;12;198612
3512308;;3;;;
3512407;6/1/1989;4;1989;1;19891
3512704;;1;;;
3512803;1/11/1954;5;1954;11;195411
3512902;9/1/1944;2;1944;1;19441
3513009;4/6/1972;16;1972;6;19726
3513108;;4;;;
3513207;;1;;;
3513306;;1;;;
3513405;4/11/1964;6;1964;11;196411
3513504;6/5/1957;8;1957;5;19575
3513603;;3;;;
3513702;5/10/1974;5;1974;10;197410
3513801;12/8/1967;31;1967;8;19678
3513900;;2;;;
3514106;;4;;;
3514205;;1;;;
3514304;;1;;;
3514403;6/1/1957;6;1957;1;19571
3514502;10/4/1943;3;1943;4;19434
3514700;;1;;;
3514809;;2;;;
3514908;12/7/2009;2;2009;7;20097
3514957;;1;;;
3515004;10/7/1987;9;1987;7;19877
3515103;12/8/1986;6;1986;8;19868
3515152;;2;;;
3515186;7/1/1961;6;1961;1;19611
3515194;;1;;;
3515202;;4;;;
3515400;7/6/1981;3;1981;6;19816
3515509;2/8/1950;6;1950;8;19508
3515608;;1;;;
3515707;5/2/1963;7;1963;2;19632
3516002;6/3/1950;2;1950;3;19503
3516101;;1;;;
3516200;8/12/1985;26;1985;12;198512
3516309;12/9/2005;6;2005;9;20059
3516408;;7;;;
3516507;;1;;;
3516606;;2;;;
3516705;3/10/1943;6;1943;10;194310
3516804;;1;;;
3516903;8/7/1986;3;1986;7;19867
3517000;10/7/1986;2;1986;7;19867
3517208;;1;;;
3517307;;1;;;
3517406;;6;;;
3517505;12/6/1973;4;1973;6;19736
3517604;;1;;;
3517703;12/2/1985;4;1985;2;19852
3517802;;2;;;
3517901;;1;;;
3518206;12/2/1985;5;1985;2;19852
3518305;6/5/1958;4;1958;5;19585
3518404;10/12/1968;8;1968;12;196812
3518503;9/12/2011;1;2011;12;201112
3518602;6/5/1968;4;1968;5;19685
3518701;12/10/1958;18;1958;10;195810
3518800;9/11/1956;93;1956;11;195611
3519006;;2;;;
3519055;6/6/2014;4;2014;6;20146
3519071;8/6/1979;11;1979;6;19796
3519105;;1;;;
3519204;;1;;;
3519253;2/2/2005;1;2005;2;20052
3519303;6/5/1968;4;1968;5;19685
3519402;12/7/2009;2;2009;7;20097
3519501;3/9/1946;2;1946;9;19469
3519600;7/7/1962;5;1962;7;19627
3519709;7/1/1976;5;1976;1;19761
3519808;;2;;;
3519907;8/6/1986;2;1986;6;19866
3520004;;3;;;
3520103;4/4/1959;5;1959;4;19594
3520301;3/11/1986;4;1986;11;198611
3520400;;5;;;
3520426;12/5/2011;1;2011;5;20115
3520442;;4;;;
3520509;6/5/1968;23;1968;5;19685
3520608;;1;;;
3520707;;2;;;
3520905;3/1/1956;3;1956;1;19561
3521002;;2;;;
3521101;;1;;;
3521309;5/4/1987;2;1987;4;19874
3521408;11/5/1974;4;1974;5;19745
3521507;;1;;;
3521606;3/1/1953;2;1953;1;19531
3521705;11/5/1986;3;1986;5;19865
3521804;3/5/1986;4;1986;5;19865
3521903;3/11/1986;2;1986;11;198611
3522109;6/12/1961;6;1961;12;196112
3522208;;7;;;
3522307;10/8/1970;9;1970;8;19708
3522406;9/1/1962;5;1962;1;19621
3522505;5/10/1982;6;1982;10;198210
3522604;3/12/1942;6;1942;12;194212
3522703;1/3/1961;6;1961;3;19613
3522802;;4;;;
3522901;;1;;;
3523107;3/8/1988;11;1988;8;19888
3523206;4/11/1959;5;1959;11;195911
3523305;3/3/1967;2;1967;3;19673
3523404;9/9/1950;8;1950;9;19509
3523503;5/5/2014;3;2014;5;20145
3523602;3/2/2015;4;2015;2;20152
3523800;;1;;;
3523909;12/4/2006;16;2006;4;20064
3524006;6/5/1968;5;1968;5;19685
3524105;10/1/1941;6;1941;1;19411
3524204;;1;;;
3524303;6/5/1968;7;1968;5;19685
3524402;6/5/1968;12;1968;5;19685
3524600;10/8/1986;4;1986;8;19868
3524709;12/7/2009;7;2009;7;20097
3524808;2/4/1959;6;1959;4;19594
3525003;;5;;;
3525102;2/5/1971;5;1971;5;19715
3525201;9/5/1994;5;1994;5;19945
3525300;7/2/1949;10;1949;2;19492
3525508;6/8/1988;1;1988;8;19888
3525706;2/10/1951;5;1951;10;195110
3525904;9/8/1952;51;1952;8;19528
3526001;1/5/1952;4;1952;5;19525
3526100;;3;;;
3526209;10/10/2016;3;2016;10;201610
3526407;;5;;;
3526506;;1;;;
3526704;10/2/1972;6;1972;2;19722
3526803;7/1/1946;5;1946;1;19461
3526902;8/6/1960;21;1960;6;19606
3527009;;1;;;
3527108;10/1/1971;8;1971;1;19711
3527207;6/5/1968;6;1968;5;19685
3527306;12/3/1990;5;1990;3;19903
3527405;;4;;;
3527603;;4;;;
3527702;;1;;;
3528007;8/12/2005;3;2005;12;200512
3528106;3/7/1991;2;1991;7;19917
3528304;;1;;;
3528403;3/5/1976;5;1976;5;19765
3528502;;6;;;
3528601;1/2/1987;2;1987;2;19872
3528809;3/4/1986;3;1986;4;19864
3529005;11/5/1940;27;1940;5;19405
3529203;5/1/1944;4;1944;1;19441
3529302;;6;;;
3529401;6/1/1989;19;1989;1;19891
3529500;;1;;;
3529708;8/2/2013;3;2013;2;20132
3529807;;1;;;
3529906;;3;;;
3530102;1/12/1944;4;1944;12;194412
3530201;9/8/1993;3;1993;8;19938
3530300;4/1/1940;6;1940;1;19401
3530409;;1;;;
3530508;4/5/1963;6;1963;5;19635
3530607;12/5/1958;34;1958;5;19585
3530706;6/9/2006;12;2006;9;20069
3530805;6/5/1968;8;1968;5;19685
3530904;11/4/1974;1;1974;4;19744
3531001;;1;;;
3531100;10/6/1986;5;1986;6;19866
3531209;12/6/2011;2;2011;6;20116
3531308;;6;;;
3531407;2/5/1941;5;1941;5;19415
3531506;1/9/1984;4;1984;9;19849
3531605;;1;;;
3531704;;1;;;
3531803;6/5/1968;5;1968;5;19685
3531902;10/8/1987;5;1987;8;19878
3532009;1/10/1994;3;1994;10;199410
3532108;;1;;;
3532207;;1;;;
3532405;;2;;;
3532504;;2;;;
3532603;2/8/1960;3;1960;8;19608
3532801;;1;;;
3532900;;1;;;
3533007;9/9/2011;4;2011;9;20119
3533304;;1;;;
3533403;;6;;;
3533502;12/2/1985;5;1985;2;19852
3533601;;1;;;
3533700;;1;;;
3533908;;6;;;
3534005;;1;;;
3534104;;1;;;
3534203;;1;;;
3534302;4/10/1940;6;1940;10;194010
3534401;3/11/1943;83;1943;11;194311
3534500;;1;;;
3534609;7/4/1959;5;1959;4;19594
3534708;2/6/1968;8;1968;6;19686
3534757;11/4/1985;3;1985;4;19854
3534807;;1;;;
3534906;3/5/1952;3;1952;5;19525
3535002;;2;;;
3535101;;2;;;
3535200;10/9/1986;3;1986;9;19869
3535309;;4;;;
3535408;11/11/2013;3;2013;11;201311
3535507;1/4/1940;5;1940;4;19404
3535606;;3;;;
3535705;1/9/1984;2;1984;9;19849
3535804;;2;;;
3535903;;1;;;
3536000;10/8/1986;3;1986;8;19868
3536109;9/12/2011;2;2011;12;201112
3536208;;4;;;
3536307;8/6/1993;2;1993;6;19936
3536406;;1;;;
3536505;8/7/1986;9;1986;7;19867
3536604;7/7/1962;3;1962;7;19627
3536703;7/7/1942;5;1942;7;19427
3537008;6/8/1988;4;1988;8;19888
3537107;7/1/1955;5;1955;1;19551
3537156;2/5/2004;1;2004;5;20045
3537305;5/3/1959;6;1959;3;19593
3537404;7/4/1959;4;1959;4;19594
3537602;8/7/1986;6;1986;7;19867
3537701;;2;;;
3537800;3/5/1976;5;1976;5;19765
3537909;3/5/1986;3;1986;5;19865
3538006;12/6/1962;9;1962;6;19626
3538105;;3;;;
3538204;;2;;;
3538501;;2;;;
3538600;7/11/2008;6;2008;11;200811
3538709;7/10/1979;44;1979;10;197910
3538808;4/4/1925;6;1925;4;19254
3538907;5/6/1950;4;1950;6;19506
3539004;1/9/1984;3;1984;9;19849
3539103;;1;;;
3539202;10/7/1950;5;1950;7;19507
3539301;;7;;;
3539400;9/5/1986;1;1986;5;19865
3539509;3/4/1961;4;1961;4;19614
3539806;6/5/1968;5;1968;5;19685
3539905;;1;;;
3540002;3/10/1943;4;1943;10;194310
3540101;;1;;;
3540200;12/7/1992;5;1992;7;19927
3540408;;1;;;
3540507;;1;;;
3540606;2/8/1969;5;1969;8;19698
3540705;;5;;;
3540754;;1;;;
3540804;;4;;;
3540903;6/1/1989;3;1989;1;19891
3541000;1/8/1966;18;1966;8;19668
3541059;12/12/2011;1;2011;12;201112
3541109;;1;;;
3541208;;2;;;
3541307;11/5/1968;5;1968;5;19685
3541406;5/2/1944;24;1944;2;19442
3541505;5/6/1944;5;1944;6;19446
3541604;3/1/1941;5;1941;1;19411
3541703;;3;;;
3541802;;1;;;
3541901;6/1/1968;2;1968;1;19681
3542107;;1;;;
3542206;3/11/1943;5;1943;11;194311
3542305;;1;;;
3542404;2/2/1948;4;1948;2;19482
3542503;;1;;;
3542602;5/10/1959;6;1959;10;195910
3542701;;1;;;
3542909;;1;;;
3543204;11/3/1989;1;1989;3;19893
3543303;7/2/1959;7;1959;2;19592
3543402;2/11/1950;101;1950;11;195011
3543600;;1;;;
3543709;;2;;;
3543808;;2;;;
3543907;2/1/1951;17;1951;1;19511
3544004;6/5/1968;4;1968;5;19685
3544103;10/10/1986;2;1986;10;198610
3544202;11/10/1986;2;1986;10;198610
3544251;;2;;;
3544301;;1;;;
3544608;;1;;;
3544806;;1;;;
3544905;6/1/1989;2;1989;1;19891
3545001;6/5/1968;3;1968;5;19685
3545209;2/8/1968;7;1968;8;19688
3545308;;3;;;
3545407;;1;;;
3545605;3/5/1986;4;1986;5;19865
3545704;;1;;;
3545803;6/6/2003;10;2003;6;20036
3546009;;1;;;
3546207;;1;;;
3546306;3/11/1991;4;1991;11;199111
3546405;5/11/1922;5;1922;11;192211
3546504;6/1/1989;1;1989;1;19891
3546603;6/7/1969;5;1969;7;19697
3546702;6/1/1989;4;1989;1;19891
3546801;7/8/1981;5;1981;8;19818
3546900;;1;;;
3547007;;1;;;
3547205;;1;;;
3547304;4/11/1986;10;1986;11;198611
3547403;;1;;;
3547502;11/5/1976;5;1976;5;19765
3547601;3/11/1991;4;1991;11;199111
3547700;4/2/1940;5;1940;2;19402
3547809;1/8/1946;70;1946;8;19468
3548005;3/7/1986;4;1986;7;19867
3548104;12/12/1977;1;1977;12;197712
3548203;;1;;;
3548302;;1;;;
3548401;;1;;;
3548500;1/9/1947;67;1947;9;19479
3548609;9/10/1986;3;1986;10;198610
3548708;12/10/1952;77;1952;10;195210
3548807;12/10/1952;37;1952;10;195210
3548906;11/5/1951;23;1951;5;19515
3549102;;6;;;
3549409;9/10/1966;6;1966;10;196610
3549508;;1;;;
3549706;;6;;;
3549805;9/4/1944;61;1944;4;19444
3549904;4/6/1942;63;1942;6;19426
3549953;;2;;;
3550001;12/9/1986;2;1986;9;19869
3550100;2/4/1950;5;1950;4;19504
3550209;;4;;;
3550308;4/5/1915;1717;1915;5;19155
3550407;10/8/1986;6;1986;8;19868
3550506;4/4/1994;1;1994;4;19944
3550605;4/2/1930;6;1930;2;19302
3550704;8/9/2000;8;2000;9;20009
3550803;5/6/1988;3;1988;6;19886
3550902;6/1/1989;4;1989;1;19891
3551009;8/5/1958;16;1958;5;19585
3551306;;1;;;
3551405;12/8/2011;2;2011;8;20118
3551504;3/11/1991;4;1991;11;199111
3551603;11/5/1986;5;1986;5;19865
3551702;10/3/1962;9;1962;3;19623
3551801;;2;;;
3551900;1/9/1984;2;1984;9;19849
3552007;;1;;;
3552106;6/8/1988;5;1988;8;19888
3552205;10/11/1961;62;1961;11;196111
3552304;;2;;;
3552403;7/6/1976;18;1976;6;19766
3552502;1/7/2005;14;2005;7;20057
3552601;1/9/1984;3;1984;9;19849
3552700;;3;;;
3552809;12/6/1973;17;1973;6;19736
3552908;;1;;;
3553005;12/12/2011;2;2011;12;201112
3553104;;1;;;
3553302;12/6/1985;4;1985;6;19856
3553401;7/1/1986;5;1986;1;19861
3553500;;1;;;
3553609;3/11/1991;3;1991;11;199111
3553708;5/6/1920;6;1920;6;19206
3553807;;4;;;
3553906;;1;;;
3553955;;1;;;
3554003;12/9/1949;8;1949;9;19499
3554102;7/10/1947;26;1947;10;194710
3554300;;4;;;
3554409;;1;;;
3554508;4/6/1970;6;1970;6;19706
3554706;;2;;;
3554805;6/1/1989;3;1989;1;19891
3555000;3/11/1943;6;1943;11;194311
3555109;12/8/1951;3;1951;8;19518
3555406;8/12/1987;5;1987;12;198712
3555505;;1;;;
3555604;3/6/1986;3;1986;6;19866
3555703;;1;;;
3555802;9/5/1986;2;1986;5;19865
3556008;7/8/1981;3;1981;8;19818
3556107;2/5/2004;2;2004;5;20045
3556206;10/2/1975;12;1975;2;19752
3556305;9/1/1944;3;1944;1;19441
3556404;1/8/1949;5;1949;8;19498
3556453;2/9/2006;5;2006;9;20069
3556503;;5;;;
3556602;3/10/1943;2;1943;10;194310
3556701;10/8/1976;9;1976;8;19768
3556800;7/3/1986;3;1986;3;19863
3556909;3/11/1991;1;1991;11;199111
3557006;3/5/1986;8;1986;5;19865
3557105;9/2/1944;9;1944;2;19442
3557204;;3;;;
3557303;12/7/2009;1;2009;7;20097
4100103;12/5/1986;1;1986;5;19865
4100202;2/9/2004;1;2004;9;20049
4100301;;1;;;
4100400;5/10/2004;5;2004;10;200410
4100509;4/8/1985;4;1985;8;19858
4100608;9/5/1986;1;1986;5;19865
4100707;;1;;;
4100806;2/2/2004;2;2004;2;20042
4101002;6/1/2012;3;2012;1;20121
4101101;6/5/1985;3;1985;5;19855
4101200;3/10/2006;3;2006;10;200610
4101408;2/2/1948;9;1948;2;19482
4101507;11/12/1949;9;1949;12;194912
4101606;10/10/2016;4;2016;10;201610
4101705;12/5/1986;3;1986;5;19865
4101804;11/3/1986;9;1986;3;19863
4101903;10/5/1957;4;1957;5;19575
4102000;7/8/1977;5;1977;8;19778
4102109;9/6/1955;4;1955;6;19556
4102307;;2;;;
4102406;;4;;;
4102505;12/12/1986;2;1986;12;198612
4102604;;1;;;
4102802;6/5/1967;3;1967;5;19675
4102901;;2;;;
4103008;;1;;;
4103305;;1;;;
4103453;;2;;;
4103602;;4;;;
4103701;11/5/1952;5;1952;5;19525
4103800;;1;;;
4103909;8/6/1986;2;1986;6;19866
4104006;;2;;;
4104204;3/5/1986;6;1986;5;19865
4104253;;1;;;
4104303;1/12/1959;9;1959;12;195912
4104402;;1;;;
4104428;9/12/2011;2;2011;12;201112
4104501;7/12/1976;3;1976;12;197612
4104600;11/5/2007;4;2007;5;20075
4104659;8/1/2012;3;2012;1;20121
4104709;10/11/2007;2;2007;11;200711
4104808;7/8/1963;27;1963;8;19638
4104907;5/3/1985;5;1985;3;19853
4105003;;1;;;
4105102;;2;;;
4105201;11/5/2007;1;2007;5;20075
4105300;5/6/1987;1;1987;6;19876
4105409;10/10/2016;4;2016;10;201610
4105508;7/7/1961;6;1961;7;19617
4105607;2/8/1974;3;1974;8;19748
4105706;;2;;;
4105805;3/3/1986;10;1986;3;19863
4105904;;4;;;
4106209;;2;;;
4106308;10/10/2016;4;2016;10;201610
4106407;1/4/1943;6;1943;4;19434
4106506;;3;;;
4106605;2/4/2011;4;2011;4;20114
4106704;;1;;;
4106803;;3;;;
4106902;1/7/1916;269;1916;7;19167
4107108;;1;;;
4107207;1/8/1981;5;1981;8;19818
4107256;;1;;;
4107306;2/9/2004;1;2004;9;20049
4107504;2/8/1974;4;1974;8;19748
4107538;;1;;;
4107603;12/11/1986;3;1986;11;198611
4107652;2/5/2004;6;2004;5;20045
4107702;;1;;;
4107751;;1;;;
4108007;;1;;;
4108205;;1;;;
4108304;10/5/1940;18;1940;5;19405
4108403;10/4/1974;6;1974;4;19744
4108601;8/11/1976;4;1976;11;197611
4108700;;1;;;
4108809;;4;;;
4109302;;2;;;
4109401;4/9/1947;10;1947;9;19479
4109609;5/2/1989;4;1989;2;19892
4109708;;4;;;
4109807;4/12/1958;4;1958;12;195812
4109906;6/12/1987;2;1987;12;198712
4110003;;1;;;
4110078;12/5/2011;1;2011;5;20115
4110102;8/6/1987;4;1987;6;19876
4110201;;1;;;
4110508;;2;;;
4110607;2/11/1974;3;1974;11;197411
4110706;5/4/1942;5;1942;4;19424
4110805;11/5/2007;2;2007;5;20075
4110904;4/12/2004;1;2004;12;200412
4111100;;1;;;
4111209;;1;;;
4111258;;1;;;
4111308;;1;;;
4111407;11/5/2007;2;2007;5;20075
4111506;10/11/1965;4;1965;11;196511
4111555;;1;;;
4111803;1/7/1938;4;1938;7;19387
4111902;12/11/2012;4;2012;11;201211
4112009;;3;;;
4112108;12/5/1951;4;1951;5;19515
4112207;;1;;;
4112405;12/10/1986;1;1986;10;198610
4112504;;3;;;
4112702;8/6/1986;1;1986;6;19866
4112751;;1;;;
4112801;10/10/2016;3;2016;10;201610
4112959;;1;;;
4113205;1/5/1934;5;1934;5;19345
4113304;7/8/1985;4;1985;8;19858
4113502;8/12/1985;4;1985;12;198512
4113700;3/4/1940;62;1940;4;19404
4113908;4/10/1987;2;1987;10;198710
4114005;;2;;;
4114104;;4;;;
4114203;7/2/1954;4;1954;2;19542
4114302;10/9/1987;3;1987;9;19879
4114401;;3;;;
4114500;6/11/1987;2;1987;11;198711
4114609;12/6/1973;4;1973;6;19736
4114807;7/4/1986;4;1986;4;19864
4114906;;1;;;
4115101;;1;;;
4115200;5/10/1952;42;1952;10;195210
4115358;;1;;;
4115408;11/1/2013;2;2013;1;20131
4115606;7/4/1986;2;1986;4;19864
4115705;11/12/2002;4;2002;12;200212
4115754;12/5/1978;1;1978;5;19785
4115804;;5;;;
4116059;;1;;;
4116109;;2;;;
4116208;;3;;;
4116703;;2;;;
4116802;11/6/1987;1;1987;6;19876
4116901;5/2/1957;4;1957;2;19572
4117008;3/8/2004;1;2004;8;20048
4117057;;1;;;
4117107;5/10/1965;4;1965;10;196510
4117206;;1;;;
4117222;;1;;;
4117255;;1;;;
4117305;9/12/2011;2;2011;12;201112
4117503;5/12/2008;2;2008;12;200812
4117602;4/5/1965;5;1965;5;19655
4117701;6/5/1968;4;1968;5;19685
4117800;8/6/1984;2;1984;6;19846
4117909;5/7/1976;4;1976;7;19767
4118006;9/5/1986;2;1986;5;19865
4118105;;2;;;
4118204;3/4/1933;8;1933;4;19334
4118402;9/7/1952;5;1952;7;19527
4118501;12/6/1973;7;1973;6;19736
4118808;9/12/2011;1;2011;12;201112
4118907;;2;;;
4119103;9/12/2011;3;2011;12;201112
4119152;2/9/1979;9;1979;9;19799
4119202;;1;;;
4119301;;3;;;
4119400;;3;;;
4119509;12/12/2008;4;2008;12;200812
4119608;10/10/2016;4;2016;10;201610
4119707;;1;;;
4119806;;1;;;
4119905;8/1/1918;26;1918;1;19181
4119954;;3;;;
4120002;7/6/1959;4;1959;6;19596
4120101;7/12/2004;1;2004;12;200412
4120507;12/5/1986;2;1986;5;19865
4120606;11/10/1976;4;1976;10;197610
4120705;;1;;;
4120804;12/6/2002;3;2002;6;20026
4120853;;1;;;
4120903;10/10/2016;4;2016;10;201610
4121109;2/2/2004;1;2004;2;20042
4121406;11/3/2011;4;2011;3;20113
4121505;;2;;;
4121703;;2;;;
4121802;4/2/1935;1;1935;2;19352
4121901;;2;;;
4122008;;2;;;
4122156;9/12/2011;1;2011;12;201112
4122206;11/6/1987;3;1987;6;19876
4122305;4/12/1985;3;1985;12;198512
4122404;4/2/1949;5;1949;2;19492
4122503;;2;;;
4122602;;2;;;
4122651;3/12/1979;1;1979;12;197912
4122701;6/7/2004;1;2004;7;20047
4122909;;1;;;
4123006;;2;;;
4123204;;1;;;
4123303;11/7/1986;1;1986;7;19867
4123402;;1;;;
4123501;;3;;;
4123709;7/6/1987;2;1987;6;19876
4123808;;1;;;
4123907;;1;;;
4124053;3/8/1991;2;1991;8;19918
4124103;5/4/1959;4;1959;4;19594
4124400;2/11/1974;4;1974;11;197411
4124509;;1;;;
4124608;;1;;;
4124707;3/8/2004;1;2004;8;20048
4124806;;2;;;
4124905;9/1/1960;1;1960;1;19601
4125001;5/6/1987;3;1987;6;19876
4125100;;1;;;
4125506;8/2/1948;21;1948;2;19482
4125605;10/10/1966;5;1966;10;196610
4125704;7/6/2012;3;2012;6;20126
4125803;4/12/1961;2;1961;12;196112
4126009;2/2/2004;1;2004;2;20042
4126256;3/11/1986;5;1986;11;198611
4126306;12/5/1986;2;1986;5;19865
4126405;;2;;;
4126504;;4;;;
4126603;10/1/1982;4;1982;1;19821
4126702;3/3/1978;1;1978;3;19783
4126801;2/7/1994;3;1994;7;19947
4126900;4/12/2004;1;2004;12;200412
4127007;;1;;;
4127106;7/3/1967;5;1967;3;19673
4127205;12/10/1986;3;1986;10;198610
4127304;5/6/1976;2;1976;6;19766
4127403;;2;;;
4127502;;2;;;
4127601;12/11/1987;2;1987;11;198711
4127700;12/6/1973;9;1973;6;19736
4127809;4/12/2004;2;2004;12;200412
4127858;;1;;;
4127957;;1;;;
4127965;;2;;;
4128005;12/8/1986;5;1986;8;19868
4128104;2/7/1966;8;1966;7;19667
4128203;8/12/1985;5;1985;12;198512
4128401;;2;;;
4128500;;3;;;
4128559;;1;;;
4128609;11/5/2007;1;2007;5;20075
4200101;;3;;;
4200200;;2;;;
4200408;;1;;;
4200705;4/7/1982;1;1982;7;19827
4200804;12/9/1986;1;1986;9;19869
4200903;;1;;;
4201000;;1;;;
4201208;;2;;;
4201307;12/9/1986;2;1986;9;19869
4201406;11/11/1963;6;1963;11;196311
4201604;;1;;;
4201703;;1;;;
4201802;;1;;;
4201901;;1;;;
4202008;6/5/1968;14;1968;5;19685
4202107;9/5/1986;3;1986;5;19865
4202305;7/4/1986;5;1986;4;19864
4202404;8/7/1937;46;1937;7;19377
4202453;;1;;;
4202503;;1;;;
4202602;6/6/1977;1;1977;6;19776
4202800;6/5/1968;3;1968;5;19685
4202909;7/5/1949;11;1949;5;19495
4203006;6/5/1968;8;1968;5;19685
4203204;9/12/1986;4;1986;12;198612
4203402;;1;;;
4203501;11/12/1987;2;1987;12;198712
4203600;6/5/1968;3;1968;5;19685
4203808;6/5/1968;4;1968;5;19685
4203907;;2;;;
4203956;;2;;;
4204004;;2;;;
4204103;;1;;;
4204202;9/7/1962;23;1962;7;19627
4204251;12/7/2012;3;2012;7;20127
4204301;2/2/1959;8;1959;2;19592
4204400;;1;;;
4204509;6/1/1989;2;1989;1;19891
4204558;;1;;;
4204608;9/9/1967;23;1967;9;19679
4204707;4/6/1982;2;1982;6;19826
4204806;6/5/1968;5;1968;5;19685
4204905;;1;;;
4205001;5/2/1978;2;1978;2;19782
4205308;11/10/2004;2;2004;10;200410
4205407;12/5/1957;74;1957;5;19575
4205456;7/7/2005;3;2005;7;20057
4205506;9/6/1982;4;1982;6;19826
4205605;;1;;;
4205704;;3;;;
4205803;;1;;;
4205902;6/5/1968;5;1968;5;19685
4206009;11/9/2011;1;2011;9;20119
4206207;11/12/1986;1;1986;12;198612
4206306;10/10/2016;2;2016;10;201610
4206405;11/1/1982;1;1982;1;19821
4206504;6/10/1981;4;1981;10;198110
4206702;5/2/2012;2;2012;2;20122
4206900;6/5/1968;3;1968;5;19685
4207007;12/9/1986;5;1986;9;19869
4207106;;1;;;
4207205;;1;;;
4207304;6/5/1968;5;1968;5;19685
4207403;;1;;;
4207502;6/5/1968;4;1968;5;19685
4207650;4/12/1991;1;1991;12;199112
4207700;;1;;;
4207908;;1;;;
4208005;;1;;;
4208104;2/4/1974;3;1974;4;19744
4208203;7/11/1952;17;1952;11;195211
4208302;10/6/1987;6;1987;6;19876
4208401;2/11/1974;2;1974;11;197411
4208450;;2;;;
4208500;6/5/1968;3;1968;5;19685
4208609;;1;;;
4208708;8/8/1986;1;1986;8;19868
4208807;;2;;;
4208906;7/1/1942;13;1942;1;19421
4209003;6/5/1968;8;1968;5;19685
4209102;1/2/1919;52;1919;2;19192
4209300;1/7/1947;12;1947;7;19477
4209409;10/3/1953;3;1953;3;19533
4209508;;1;;;
4209607;6/5/1968;3;1968;5;19685
4209805;;1;;;
4209904;;1;;;
4210001;;1;;;
4210100;6/5/1968;4;1968;5;19685
4210308;11/6/1987;1;1987;6;19876
4210506;10/12/1976;3;1976;12;197612
4210605;3/1/1982;4;1982;1;19821
4210803;8/8/1986;1;1986;8;19868
4210902;;1;;;
4211009;7/12/1976;2;1976;12;197612
4211207;6/1/1989;2;1989;1;19891
4211306;6/1/1989;6;1989;1;19891
4211405;;1;;;
4211504;;1;;;
4211603;;2;;;
4211702;6/5/1968;3;1968;5;19685
4211751;10/10/2016;2;2016;10;201610
4211900;8/12/1985;12;1985;12;198512
4212007;11/1/1982;1;1982;1;19821
4212106;;2;;;
4212205;;2;;;
4212304;;1;;;
4212502;6/1/1989;2;1989;1;19891
4212601;;1;;;
4212700;;1;;;
4212809;;3;;;
4212908;;2;;;
4213203;12/9/1986;4;1986;9;19869
4213401;;1;;;
4213500;;2;;;
4213609;5/11/1949;4;1949;11;194911
4213708;8/6/1987;3;1987;6;19876
4213807;11/5/2004;1;2004;5;20045
4214003;1/11/2013;3;2013;11;201311
4214201;7/11/1983;2;1983;11;198311
4214300;;1;;;
4214508;4/12/1991;1;1991;12;199112
4214607;;1;;;
4214706;;1;;;
4214805;1/3/1947;7;1947;3;19473
4215000;6/5/1968;4;1968;5;19685
4215075;;1;;;
4215109;;1;;;
4215307;;1;;;
4215505;;1;;;
4215703;6/5/1968;3;1968;5;19685
4215802;6/5/1968;7;1968;5;19685
4216008;4/5/1982;2;1982;5;19825
4216107;9/12/1986;1;1986;12;198612
4216206;11/12/1960;5;1960;12;196012
4216305;;3;;;
4216404;;1;;;
4216503;6/5/1968;3;1968;5;19685
4216602;7/11/1986;21;1986;11;198611
4216701;;2;;;
4216800;;1;;;
4216909;10/10/2016;3;2016;10;201610
4217006;;2;;;
4217204;1/12/1965;3;1965;12;196512
4217303;;1;;;
4217402;;1;;;
4217501;11/11/1976;2;1976;11;197611
4217600;4/7/1960;2;1960;7;19607
4217709;4/12/1982;2;1982;12;198212
4217808;6/5/1968;3;1968;5;19685
4217907;;2;;;
4218004;6/5/1968;4;1968;5;19685
4218202;6/5/1968;4;1968;5;19685
4218301;;1;;;
4218400;;1;;;
4218509;11/11/2004;1;2004;11;200411
4218608;;1;;;
4218707;9/1/1942;10;1942;1;19421
4218756;;1;;;
4218806;8/11/1976;3;1976;11;197611
4218905;;2;;;
4219002;10/12/1976;2;1976;12;197612
4219200;;1;;;
4219309;12/6/1958;6;1958;6;19586
4219507;6/5/1968;5;1968;5;19685
4219606;9/8/2004;1;2004;8;20048
4219705;7/12/1976;3;1976;12;197612
4300034;;1;;;
4300059;;2;;;
4300109;;2;;;
4300208;8/11/1986;2;1986;11;198611
4300307;8/5/1975;1;1975;5;19755
4300406;2/1/1941;6;1941;1;19411
4300455;8/12/2013;1;2013;12;201312
4300505;;1;;;
4300604;10/12/1973;7;1973;12;197312
4300638;8/5/2005;1;2005;5;20055
4300646;8/11/2005;1;2005;11;200511
4300703;;1;;;
4300802;3/1/1947;3;1947;1;19471
4300901;6/6/1963;2;1963;6;19636
4301008;1/2/1947;3;1947;2;19472
4301057;;1;;;
4301107;4/2/1981;2;1981;2;19812
4301206;7/7/1986;2;1986;7;19867
4301305;3/1/1947;4;1947;1;19471
4301404;10/6/1972;3;1972;6;19726
4301503;;2;;;
4301552;;2;;;
4301602;2/1/1943;8;1943;1;19431
4301636;5/12/2002;1;2002;12;200212
4301651;9/1/1988;1;1988;1;19881
4301701;5/12/1977;1;1977;12;197712
4301750;;1;;;
4301800;;1;;;
4301909;11/7/1956;2;1956;7;19567
4301958;8/5/2005;1;2005;5;20055
4302006;12/11/1973;2;1973;11;197311
4302105;1/9/1929;17;1929;9;19299
4302204;12/10/1973;2;1973;10;197310
4302238;8/1/2013;1;2013;1;20131
4302303;2/2/1929;3;1929;2;19292
4302352;4/12/1991;3;1991;12;199112
4302402;;1;;;
4302451;;1;;;
4302501;;2;;;
4302709;6/1/1989;2;1989;1;19891
4302808;3/1/1947;5;1947;1;19471
4302907;8/9/1971;3;1971;9;19719
4303004;5/5/1919;8;1919;5;19195
4303103;8/5/1963;10;1963;5;19635
4303202;;1;;;
4303301;12/12/1986;2;1986;12;198612
4303400;;1;;;
4303509;1/2/1931;6;1931;2;19312
4303608;;1;;;
4303673;8/12/2013;1;2013;12;201312
4303707;;1;;;
4303806;6/1/1989;3;1989;1;19891
4303905;2/3/1947;6;1947;3;19473
4304002;;2;;;
4304200;9/6/1965;4;1965;6;19656
4304309;;2;;;
4304358;;1;;;
4304408;9/12/1978;5;1978;12;197812
4304507;5/10/1965;5;1965;10;196510
4304606;2/3/1959;34;1959;3;19593
4304630;10/9/1982;6;1982;9;19829
4304663;;2;;;
4304671;8/5/2005;2;2005;5;20055
4304689;;1;;;
4304705;9/12/1934;7;1934;12;193412
4304713;;1;;;
4304804;1/2/1947;3;1947;2;19472
4304903;9/12/1986;3;1986;12;198612
4305009;8/2/1976;2;1976;2;19762
4305108;3/10/1936;62;1936;10;193610
4305116;;1;;;
4305124;9/11/2006;1;2006;11;200611
4305132;9/1/1988;1;1988;1;19881
4305173;;1;;;
4305207;11/1/1968;3;1968;1;19681
4305306;10/6/1981;2;1981;6;19816
4305355;6/11/1962;4;1962;11;196211
4305405;;1;;;
4305439;;2;;;
4305454;1/2/1990;1;1990;2;19902
4305504;;1;;;
4305603;;2;;;
4305702;;2;;;
4305801;11/8/1982;3;1982;8;19828
4305900;7/4/1981;2;1981;4;19814
4305959;11/5/1982;1;1982;5;19825
4306007;6/1/1989;2;1989;1;19891
4306056;7/10/2006;1;2006;10;200610
4306106;3/5/1929;7;1929;5;19295
4306205;6/1/1989;2;1989;1;19891
4306304;4/12/2006;2;2006;12;200612
4306320;;1;;;
4306379;;1;;;
4306403;10/11/1982;5;1982;11;198211
4306452;8/5/2005;2;2005;5;20055
4306502;6/1/1987;2;1987;1;19871
4306601;6/6/1960;6;1960;6;19606
4306700;;1;;;
4306734;;2;;;
4306767;;3;;;
4306809;8/12/1985;5;1985;12;198512
4306908;3/1/1947;3;1947;1;19471
4306932;;2;;;
4306957;;1;;;
4306973;5/2/1989;1;1989;2;19892
4307005;12/10/1943;10;1943;10;194310
4307054;;1;;;
4307104;2/3/1947;1;1947;3;19473
4307203;;1;;;
4307302;1/6/1983;2;1983;6;19836
4307401;12/9/1977;2;1977;9;19779
4307500;11/8/1978;3;1978;8;19788
4307559;;1;;;
4307609;11/5/1966;5;1966;5;19665
4307708;9/12/1959;7;1959;12;195912
4307807;3/1/1947;4;1947;1;19471
4307815;;1;;;
4307831;;1;;;
4307906;12/9/1985;7;1985;9;19859
4308003;2/2/1970;3;1970;2;19702
4308078;;1;;;
4308102;11/9/1978;2;1978;9;19789
4308201;12/5/1980;5;1980;5;19805
4308300;;2;;;
4308409;;1;;;
4308458;3/8/1983;2;1983;8;19838
4308508;12/1/1961;4;1961;1;19611
4308607;6/11/1930;6;1930;11;193011
4308656;;1;;;
4308706;3/7/1983;1;1983;7;19837
4308805;1/2/1947;1;1947;2;19472
4308904;1/2/1947;3;1947;2;19472
4309001;1/2/1947;3;1947;2;19472
4309050;;1;;;
4309100;2/7/1953;6;1953;7;19537
4309159;;1;;;
4309209;2/3/1947;15;1947;3;19473
4309308;9/1/1953;6;1953;1;19531
4309407;9/12/2000;4;2000;12;200012
4309506;11/10/1978;2;1978;10;197810
4309555;;1;;;
4309605;8/12/1985;4;1985;12;198512
4309654;;1;;;
4309704;11/12/1969;1;1969;12;196912
4309753;;1;;;
4309803;;1;;;
4309902;8/11/1975;2;1975;11;197511
4309951;3/12/2012;1;2012;12;201212
4310009;3/6/1964;4;1964;6;19646
4310108;5/10/1977;5;1977;10;197710
4310207;1/5/1950;10;1950;5;19505
4310306;;1;;;
4310330;11/6/1995;2;1995;6;19956
4310363;12/4/1995;1;1995;4;19954
4310405;;2;;;
4310439;;1;;;
4310504;;1;;;
4310553;;1;;;
4310603;2/7/1929;5;1929;7;19297
4310702;9/5/1979;1;1979;5;19795
4310801;6/1/1989;3;1989;1;19891
4310900;;1;;;
4311007;6/11/1930;4;1930;11;193011
4311106;1/9/1964;3;1964;9;19649
4311130;;1;;;
4311155;1/5/1983;1;1983;5;19835
4311205;7/8/1931;3;1931;8;19318
4311254;12/12/2011;1;2011;12;201112
4311304;11/4/1929;5;1929;4;19294
4311403;12/6/1973;9;1973;6;19736
4311502;3/1/1947;2;1947;1;19471
4311601;5/10/1977;1;1977;10;197710
4311700;;2;;;
4311718;;1;;;
4311759;8/1/2005;1;2005;1;20051
4311775;8/5/2005;1;2005;5;20055
4311791;;1;;;
4311809;10/10/1978;6;1978;10;197810
4311908;3/1/1947;2;1947;1;19471
4311981;;1;;;
4312005;;1;;;
4312104;;1;;;
4312203;;1;;;
4312252;;1;;;
4312302;;1;;;
4312401;3/1/1947;6;1947;1;19471
4312500;11/5/1982;3;1982;5;19825
4312609;1/2/1947;2;1947;2;19472
4312658;2/6/1983;5;1983;6;19836
4312708;9/6/1976;2;1976;6;19766
4312757;;1;;;
4312807;;1;;;
4312906;6/1/1989;3;1989;1;19891
4313003;;1;;;
4313037;;1;;;
4313060;12/1/1988;3;1988;1;19881
4313086;12/11/1995;1;1995;11;199511
4313102;7/11/1975;2;1975;11;197511
4313201;7/10/1978;4;1978;10;197810
4313300;3/1/1947;5;1947;1;19471
4313359;;1;;;
4313375;5/2/2012;3;2012;2;20122
4313391;;1;;;
4313409;3/8/1951;30;1951;8;19518
4313508;3/7/1929;7;1929;7;19297
4313607;1/3/1977;1;1977;3;19773
4313656;3/7/1983;3;1983;7;19837
4313706;10/5/1954;4;1954;5;19545
4313805;5/6/1982;2;1982;6;19826
4313904;3/6/1964;5;1964;6;19646
4313953;5/2/1988;2;1988;2;19882
4314001;;1;;;
4314027;4/12/1991;2;1991;12;199112
4314035;;1;;;
4314050;8/12/1985;5;1985;12;198512
4314068;;1;;;
4314076;;1;;;
4314100;12/6/1973;24;1973;6;19736
4314159;12/4/1995;1;1995;4;19954
4314209;;1;;;
4314308;;2;;;
4314407;6/6/1972;28;1972;6;19726
4314423;12/11/1995;1;1995;11;199511
4314472;;1;;;
4314498;3/10/2008;1;2008;10;200810
4314506;3/1/1947;3;1947;1;19471
4314605;8/2/1954;2;1954;2;19542
4314704;11/4/1981;2;1981;4;19814
4314779;;1;;;
4314803;9/12/1986;5;1986;12;198612
4314902;3/1/1916;278;1916;1;19161
4315008;;1;;;
4315107;12/12/1986;2;1986;12;198612
4315131;;1;;;
4315156;;1;;;
4315206;;1;;;
4315305;3/9/1942;3;1942;9;19429
4315321;;1;;;
4315404;;1;;;
4315503;2/3/1947;3;1947;3;19473
4315602;12/1/1928;14;1928;1;19281
4315701;3/1/1947;3;1947;1;19471
4315750;8/5/2005;1;2005;5;20055
4315800;6/1/1989;2;1989;1;19891
4315909;;1;;;
4316006;12/6/1973;2;1973;6;19736
4316105;8/2/1982;2;1982;2;19822
4316204;2/5/1974;1;1974;5;19745
4316303;11/5/1974;2;1974;5;19745
4316402;3/1/1947;4;1947;1;19471
4316436;;1;;;
4316451;4/12/1991;3;1991;12;199112
4316501;5/9/1986;2;1986;9;19869
4316600;7/2/1948;3;1948;2;19482
4316709;;2;;;
4316758;;1;;;
4316808;8/12/1985;14;1985;12;198512
4316907;11/12/1939;29;1939;12;193912
4316956;;1;;;
4317004;;1;;;
4317103;12/2/1918;6;1918;2;19182
4317202;3/9/1955;8;1955;9;19559
4317301;3/1/1947;4;1947;1;19471
4317400;1/4/1963;5;1963;4;19634
4317509;4/8/1931;7;1931;8;19318
4317608;10/11/1978;5;1978;11;197811
4317707;;1;;;
4317756;;1;;;
4317806;2/11/1963;3;1963;11;196311
4317905;6/1/1989;3;1989;1;19891
4318002;1/11/1929;6;1929;11;192911
4318051;;1;;;
4318101;3/1/1947;3;1947;1;19471
4318200;;3;;;
4318309;2/11/1953;7;1953;11;195311
4318408;9/10/1930;3;1930;10;193010
4318424;;1;;;
4318440;;1;;;
4318481;8/11/2005;1;2005;11;200511
4318507;7/6/1975;3;1975;6;19756
4318606;9/2/1982;2;1982;2;19822
4318622;9/10/2004;2;2004;10;200410
4318705;1/11/1971;22;1971;11;197111
4318804;10/11/1958;5;1958;11;195811
4318903;1/2/1947;4;1947;2;19472
4319000;6/6/1981;4;1981;6;19816
4319109;;2;;;
4319125;;1;;;
4319158;;2;;;
4319208;;1;;;
4319307;;2;;;
4319406;4/3/1981;3;1981;3;19813
4319505;2/5/1974;5;1974;5;19745
4319604;6/3/1960;4;1960;3;19603
4319752;;1;;;
4319802;4/12/1991;2;1991;12;199112
4319901;3/12/1964;7;1964;12;196412
4320008;12/8/1980;9;1980;8;19808
4320107;1/2/1947;3;1947;2;19472
4320206;;2;;;
4320263;;1;;;
4320305;;1;;;
4320354;;1;;;
4320404;10/12/1970;3;1970;12;197012
4320503;9/12/1986;2;1986;12;198612
4320552;12/12/2014;2;2014;12;201412
4320602;;1;;;
4320651;9/1/1988;1;1988;1;19881
4320677;;1;;;
4320701;3/1/1947;3;1947;1;19471
4320800;1/8/1962;4;1962;8;19628
4320909;;3;;;
4321006;8/5/2013;3;2013;5;20135
4321105;10/6/1945;4;1945;6;19456
4321204;2/3/1947;6;1947;3;19473
4321303;1/2/1947;3;1947;2;19472
4321352;;1;;;
4321402;12/2/1961;3;1961;2;19612
4321436;2/1/1991;1;1991;1;19911
4321451;7/1/1997;4;1997;1;19971
4321477;;1;;;
4321501;12/9/1985;6;1985;9;19859
4321600;2/12/1962;7;1962;12;196212
4321634;5/2/1990;1;1990;2;19902
4321667;4/12/1991;2;1991;12;199112
4321709;6/5/1981;3;1981;5;19815
4321808;11/9/1976;4;1976;9;19769
4321857;11/12/2012;1;2012;12;201212
4321907;5/2/1954;4;1954;2;19542
4321956;8/5/2005;1;2005;5;20055
4322004;10/10/1986;4;1986;10;198610
4322103;10/12/1972;2;1972;12;197212
4322202;;3;;;
4322251;8/5/2005;1;2005;5;20055
4322301;1/5/1983;2;1983;5;19835
4322400;12/5/1921;7;1921;5;19215
4322509;3/10/1942;7;1942;10;194210
4322525;;1;;;
4322533;;1;;;
4322541;;1;;;
4322608;8/11/1964;6;1964;11;196411
4322707;6/6/1981;3;1981;6;19816
4322806;8/12/1985;5;1985;12;198512
4322905;6/1/1989;2;1989;1;19891
4323002;3/3/1986;12;1986;3;19863
4323101;;1;;;
4323200;;2;;;
4323309;;1;;;
4323408;;1;;;
4323457;2/4/2013;1;2013;4;20134
4323804;8/11/2005;1;2005;11;200511
5000203;;1;;;
5000609;8/2/1971;3;1971;2;19712
5000708;;1;;;
5000807;;1;;;
5000906;;1;;;
5001003;10/1/2012;3;2012;1;20121
5001102;5/8/1940;5;1940;8;19408
5001243;;1;;;
5001508;;1;;;
5001904;10/4/1976;3;1976;4;19764
5002001;8/7/1987;1;1987;7;19877
5002100;;2;;;
5002209;3/9/1979;3;1979;9;19799
5002308;;1;;;
5002407;10/4/1976;3;1976;4;19764
5002605;3/8/1976;2;1976;8;19768
5002704;3/7/1923;78;1923;7;19237
5002902;;4;;;
5002951;3/6/1991;4;1991;6;19916
5003207;11/1/1947;5;1947;1;19471
5003256;;2;;;
5003306;7/9/1981;3;1981;9;19819
5003454;;1;;;
5003504;;1;;;
5003702;10/8/1960;16;1960;8;19608
5003751;4/8/1985;1;1985;8;19858
5003801;3/6/1976;3;1976;6;19766
5004007;;1;;;
5004106;;1;;;
5004304;;1;;;
5004403;;1;;;
5004502;;2;;;
5004601;;1;;;
5004700;;3;;;
5005004;3/5/1985;3;1985;5;19855
5005251;;1;;;
5005400;;3;;;
5005608;7/5/1965;3;1965;5;19655
5005681;10/7/1977;3;1977;7;19777
5005707;12/9/1976;4;1976;9;19769
5005806;;1;;;
5006002;9/12/2011;3;2011;12;201112
5006200;9/9/2020;4;2020;9;20209
5006309;;4;;;
5006408;;1;;;
5006606;;5;;;
5006903;8/2/1971;3;1971;2;19712
5007109;11/10/1986;2;1986;10;198610
5007208;5/6/1985;4;1985;6;19856
5007406;;2;;;
5007695;9/2/2013;3;2013;2;20132
5007703;;1;;;
5007901;7/11/2012;3;2012;11;201211
5007935;4/7/2003;2;2003;7;20037
5008008;;1;;;
5008305;10/8/1942;8;1942;8;19428
5100201;;3;;;
5100250;6/4/1979;5;1979;4;19794
5100300;;2;;;
5100409;3/12/1986;2;1986;12;198612
5100607;10/10/1989;3;1989;10;198910
5101258;3/7/1991;2;1991;7;19917
5101308;6/3/1975;2;1975;3;19753
5101407;;1;;;
5101704;11/8/1976;3;1976;8;19768
5101803;4/4/1970;7;1970;4;19704
5101902;;1;;;
5102504;6/10/1942;7;1942;10;194210
5102603;1/10/1983;2;1983;10;198310
5102637;3/7/1991;4;1991;7;19917
5102678;3/7/1991;3;1991;7;19917
5102686;;1;;;
5102702;;3;;;
5103007;6/2/1975;2;1975;2;19752
5103056;;2;;;
5103205;3/6/1978;3;1978;6;19786
5103304;3/4/1986;2;1986;4;19864
5103353;;3;;;
5103403;7/6/1971;60;1971;6;19716
5103502;3/8/1974;3;1974;8;19748
5103700;12/4/2012;1;2012;4;20124
5103858;;1;;;
5104104;3/8/1999;3;1999;8;19998
5104203;;1;;;
5104526;;1;;;
5104559;3/6/2009;1;2009;6;20096
5104609;;2;;;
5104807;7/10/1981;3;1981;10;198110
5104906;10/10/1989;1;1989;10;198910
5105002;;1;;;
5105101;2/9/1987;4;1987;9;19879
5105150;6/7/1985;3;1985;7;19857
5105176;6/7/1985;1;1985;7;19857
5105200;;1;;;
5105259;3/7/1991;10;1991;7;19917
5105507;;1;;;
5105580;;1;;;
5105606;6/6/2003;2;2003;6;20036
5105622;;3;;;
5105903;;1;;;
5106216;12/12/2008;1;2008;12;200812
5106224;3/7/1991;3;1991;7;19917
5106232;;1;;;
5106240;;1;;;
5106257;6/6/1977;2;1977;6;19776
5106281;;2;;;
5106299;;1;;;
5106307;;2;;;
5106372;;1;;;
5106422;;3;;;
5106505;4/10/1967;2;1967;10;196710
5106752;3/4/1985;3;1985;4;19854
5106778;6/1/1981;1;1981;1;19811
5106802;5/5/1980;1;1980;5;19805
5107008;;1;;;
5107040;2/5/1985;6;1985;5;19855
5107065;11/8/2011;3;2011;8;20118
5107107;9/9/1988;2;1988;9;19889
5107180;;1;;;
5107206;;1;;;
5107305;3/7/1991;2;1991;7;19917
5107602;9/11/2006;14;2006;11;200611
5107701;;1;;;
5107800;;1;;;
5107859;12/10/1975;2;1975;10;197510
5107875;3/8/2013;4;2013;8;20138
5107909;7/12/1976;9;1976;12;197612
5107925;;8;;;
5107941;;1;;;
5107958;9/5/1980;8;1980;5;19805
5108006;;2;;;
5108055;;1;;;
5108204;3/3/1980;1;1980;3;19803
5108402;11/6/1978;12;1978;6;19786
5108501;1/11/2008;1;2008;11;200811
5108600;7/12/1991;2;1991;12;199112
5108956;;1;;;
5200100;;2;;;
5200134;;3;;;
5200258;11/11/2005;6;2005;11;200511
5200308;7/11/1975;4;1975;11;197511
5200605;3/8/2004;1;2004;8;20048
5200803;3/8/1991;2;1991;8;19918
5201108;7/2/1970;27;1970;2;19702
5201306;3/11/1986;4;1986;11;198611
5201405;9/9/2002;17;2002;9;20029
5201702;;2;;;
5202155;;1;;;
5202502;5/10/2004;1;2004;10;200410
5202601;;1;;;
5203203;;1;;;
5203302;11/12/2012;3;2012;12;201212
5203401;5/7/1991;1;1991;7;19917
5203500;11/4/1974;4;1974;4;19744
5203807;6/12/1978;1;1978;12;197812
5203906;12/5/1942;1;1942;5;19425
5204003;;1;;;
5204102;;1;;;
5204250;10/10/2016;1;2016;10;201610
5204300;;2;;;
5204409;;3;;;
5204508;3/3/1986;6;1986;3;19863
5204706;5/7/1991;3;1991;7;19917
5204805;;1;;;
5204904;;4;;;
5204953;10/10/1989;1;1989;10;198910
5205000;11/6/1965;1;1965;6;19656
5205059;;1;;;
5205109;9/1/1952;7;1952;1;19521
5205307;;1;;;
5205406;7/2/1960;4;1960;2;19602
5205455;2/9/2004;1;2004;9;20049
5205471;5/9/1991;2;1991;9;19919
5205497;;2;;;
5205513;3/6/2013;1;2013;6;20136
5205802;12/10/1986;3;1986;10;198610
5205901;3/8/2004;3;2004;8;20048
5206206;12/8/1986;4;1986;8;19868
5206404;;4;;;
5207253;3/6/1991;1;1991;6;19916
5207402;8/9/1982;2;1982;9;19829
5207600;;1;;;
5207808;5/10/2004;3;2004;10;200410
5208004;1/7/1957;7;1957;7;19577
5208103;4/12/2004;1;2004;12;200412
5208400;;1;;;
5208509;;1;;;
5208608;10/12/1963;5;1963;12;196312
5208707;1/3/1938;153;1938;3;19383
5208806;11/12/2012;2;2012;12;201212
5208905;1/3/1947;4;1947;3;19473
5209101;4/8/2002;5;2002;8;20028
5209200;;2;;;
5209705;;3;;;
5209937;;1;;;
5209952;3/8/1991;2;1991;8;19918
5210000;5/11/1946;4;1946;11;194611
5210109;7/2/1940;4;1940;2;19402
5210208;10/4/1965;4;1965;4;19654
5210406;7/10/1957;4;1957;10;195710
5210604;3/8/1991;1;1991;8;19918
5210901;3/8/2004;3;2004;8;20048
5211008;;1;;;
5211206;;4;;;
5211305;;1;;;
5211404;;1;;;
5211503;7/3/1956;7;1956;3;19563
5211701;;1;;;
5211800;;4;;;
5211909;9/1/1952;8;1952;1;19521
5212105;3/8/1991;2;1991;8;19918
5212204;11/8/1965;4;1965;8;19658
5212501;5/10/1985;7;1985;10;198510
5212808;;2;;;
5212956;;1;;;
5213004;5/9/1991;2;1991;9;19919
5213087;;4;;;
5213103;;4;;;
5213756;5/9/1991;3;1991;9;19919
5213806;12/5/1953;5;1953;5;19535
5213905;;1;;;
5214002;9/5/1994;4;1994;5;19945
5214051;;1;;;
5214408;;1;;;
5214507;12/7/2011;4;2011;7;20117
5214606;6/1/1989;5;1989;1;19891
5214838;;3;;;
5214861;;1;;;
5215009;;1;;;
5215231;7/8/2013;4;2013;8;20138
5215306;2/2/2004;3;2004;2;20042
5215504;12/8/2003;1;2003;8;20038
5215603;;3;;;
5215702;11/10/1962;4;1962;10;196210
5216304;;1;;;
5216403;9/6/1994;4;1994;6;19946
5216809;2/2/2004;2;2004;2;20042
5217104;6/1/1989;4;1989;1;19891
5217203;7/11/1977;4;1977;11;197711
5217302;;4;;;
5217401;10/8/1960;4;1960;8;19608
5217609;8/4/2009;5;2009;4;20094
5217708;11/11/1969;4;1969;11;196911
5218003;9/7/1963;4;1963;7;19637
5218300;;4;;;
5218508;2/1/1982;4;1982;1;19821
5218607;;1;;;
5218805;12/7/1942;17;1942;7;19427
5218904;12/7/2011;4;2011;7;20117
5219001;7/8/1977;2;1977;8;19778
5219100;;1;;;
5219308;4/8/2002;4;2002;8;20028
5219407;4/5/1979;1;1979;5;19795
5219704;;3;;;
5219753;2/4/2013;4;2013;4;20134
5219803;;2;;;
5220009;;1;;;
5220108;6/7/1963;4;1963;7;19637
5220207;11/9/1978;4;1978;9;19789
5220405;1/6/1975;4;1975;6;19756
5220454;8/12/2020;5;2020;12;202012
5220504;;2;;;
5220603;6/1/1989;3;1989;1;19891
5221403;6/7/1985;6;1985;7;19857
5221601;6/5/1963;4;1963;5;19635
5221700;;2;;;
5221858;3/7/1991;7;1991;7;19917
5222005;5/12/1975;3;1975;12;197512
5222054;;2;;;
5300108;5/2/1936;351;1936;2;19362
Total Result;7/1/1908;16953;1908;1;19081
