cod_ibge;empresas
1100015;476
1100023;2599
1100031;46
1100049;2528
1100056;432
1100064;305
1100072;112
1100080;191
1100098;741
1100106;556
1100114;1105
1100122;3777
1100130;602
1100148;338
1100155;760
1100189;1097
1100205;9960
1100254;403
1100262;48
1100288;1314
1100296;93
1100304;3228
1100320;332
1100338;313
1100346;223
1100379;154
1100403;239
1100452;530
1100502;115
1100601;49
1100700;118
1100809;313
1100908;25
1100924;216
1100940;300
1101005;82
1101104;99
1101203;125
1101302;179
1101401;190
1101435;64
1101450;47
1101468;37
1101476;44
1101484;64
1101492;281
1101500;112
1101559;49
1101609;73
1101708;149
1101757;126
1101807;84
1200013;116
1200054;42
1200104;266
1200138;74
1200179;57
1200203;1031
1200252;237
1200302;207
1200328;21
1200336;77
1200344;36
1200351;41
1200385;137
1200393;30
1200401;5689
1200427;39
1200435;13
1200450;151
1200500;256
1200609;255
1200708;170
1200807;73
1300029;48
1300060;18
1300086;29
1300102;52
1300144;363
1300201;23
1300300;121
1300409;40
1300508;172
1300607;134
1300631;59
1300680;43
1300706;192
1300805;49
1300839;23
1300904;57
1301001;136
1301100;127
1301159;59
1301209;382
1301308;35
1301407;202
1301506;51
1301605;100
1301654;28
1301704;635
1301803;25
1301852;378
1301902;699
1301951;44
1302009;40
1302108;30
1302207;37
1302306;114
1302405;112
1302504;695
1302553;47
1302603;27289
1302702;469
1302801;23
1302900;425
1303007;57
1303106;93
1303205;118
1303304;78
1303403;746
1303502;24
1303536;194
1303569;166
1303601;29
1303700;78
1303809;230
1303908;43
1303957;50
1304005;23
1304062;251
1304104;33
1304203;454
1304237;28
1304260;42
1304302;81
1304401;55
1400027;21
1400050;50
1400100;5898
1400159;66
1400175;99
1400209;92
1400233;48
1400282;45
1400308;109
1400407;26
1400456;128
1400472;256
1400506;62
1400605;44
1400704;25
1500107;1049
1500131;50
1500206;149
1500305;53
1500347;99
1500404;277
1500503;352
1500602;1945
1500701;89
1500800;4765
1500859;273
1500909;171
1500958;117
1501006;59
1501105;47
1501204;90
1501253;43
1501303;1418
1501402;19642
1501451;101
1501501;631
1501576;132
1501600;58
1501709;708
1501725;186
1501758;39
1501782;335
1501808;587
1501907;72
1501956;95
1502004;91
1502103;675
1502152;1046
1502202;962
1502301;305
1502400;3227
1502509;32
1502608;21
1502707;469
1502756;182
1502764;84
1502772;188
1502806;75
1502855;50
1502905;175
1502939;518
1502954;240
1503002;41
1503044;118
1503077;97
1503093;223
1503101;159
1503200;253
1503309;374
1503408;36
1503457;153
1503507;141
1503606;2271
1503705;296
1503754;200
1503804;391
1503903;267
1504000;40
1504059;346
1504109;18
1504208;4286
1504307;64
1504406;144
1504422;909
1504455;208
1504505;56
1504604;119
1504703;377
1504752;146
1504802;345
1504901;85
1504950;88
1504976;98
1505007;81
1505031;903
1505064;560
1505106;327
1505205;81
1505304;491
1505403;115
1505437;309
1505486;314
1505494;43
1505502;1782
1505536;4171
1505551;52
1505601;25
1505635;120
1505650;111
1505700;61
1505809;389
1505908;141
1506005;137
1506104;49
1506112;27
1506138;1880
1506161;291
1506187;408
1506195;235
1506203;540
1506302;122
1506351;110
1506401;21
1506500;555
1506559;99
1506583;206
1506609;251
1506708;501
1506807;4876
1506906;23
1507003;200
1507102;54
1507151;154
1507201;104
1507300;571
1507409;84
1507458;261
1507466;17
1507474;83
1507508;32
1507607;377
1507706;94
1507755;43
1507805;107
1507904;183
1507953;711
1507961;66
1507979;102
1508001;734
1508035;92
1508050;137
1508084;665
1508100;974
1508126;204
1508159;388
1508209;220
1508308;197
1508357;79
1508407;1054
1600055;27
1600105;38
1600154;83
1600204;62
1600212;15
1600238;42
1600253;20
1600279;270
1600303;5483
1600402;80
1600501;203
1600535;130
1600550;12
1600600;804
1600709;69
1600808;77
1700251;31
1700301;50
1700350;98
1700400;98
1700707;309
1701002;149
1701051;33
1701101;74
1701309;26
1701903;51
1702000;190
1702109;4388
1702158;43
1702208;291
1702307;95
1702406;113
1702554;321
1702703;34
1702901;57
1703008;55
1703057;45
1703073;31
1703107;58
1703206;47
1703305;32
1703602;24
1703701;73
1703800;50
1703826;20
1703842;103
1703867;70
1703883;16
1703891;19
1703909;47
1704105;21
1704600;15
1705102;39
1705508;733
1705557;67
1705607;40
1706001;73
1706100;103
1706258;19
1706506;58
1707009;392
1707108;144
1707207;73
1707306;66
1707405;36
1707553;58
1707652;66
1707702;51
1708205;398
1708254;45
1708304;67
1709005;65
1709302;474
1709500;2635
1709807;21
1710508;53
1710706;34
1710904;27
1711100;25
1711506;41
1711803;20
1711902;305
1711951;54
1712009;85
1712157;14
1712405;35
1712454;33
1712504;78
1712702;53
1712801;14
1713205;316
1713304;261
1713601;68
1713700;30
1713809;39
1713957;28
1714203;220
1714302;36
1714880;128
1715002;29
1715101;61
1715150;21
1715259;24
1715507;20
1715705;40
1715754;190
1716109;1504
1716208;94
1716307;49
1716505;302
1716604;147
1716653;46
1716703;159
1717008;50
1717206;24
1717503;80
1717800;39
1717909;93
1718006;36
1718204;1517
1718303;20
1718402;53
1718451;35
1718501;32
1718550;26
1718659;24
1718709;22
1718758;62
1718808;27
1718840;46
1718865;109
1718881;24
1718899;36
1718907;70
1719004;34
1720002;17
1720101;38
1720150;31
1720200;57
1720259;31
1720309;17
1720499;54
1720655;86
1720804;61
1720853;14
1720903;172
1720937;22
1720978;28
1721000;10216
1721109;65
1721208;281
1721257;17
1721307;18
1722081;68
1722107;146
2100055;1381
2100105;27
2100154;52
2100204;52
2100303;62
2100402;25
2100436;116
2100477;130
2100501;168
2100550;54
2100600;154
2100709;88
2100808;67
2100832;34
2100873;36
2100907;147
2100956;133
2101004;247
2101103;57
2101202;1111
2101251;130
2101301;63
2101350;20
2101400;2544
2101509;154
2101608;697
2101707;546
2101731;39
2101772;57
2101806;33
2101905;72
2101939;40
2101970;53
2102002;144
2102036;172
2102077;71
2102101;295
2102150;24
2102200;148
2102309;174
2102325;380
2102358;39
2102374;23
2102408;27
2102507;40
2102556;104
2102606;78
2102705;117
2102754;65
2102804;341
2102903;112
2103000;1551
2103109;27
2103125;14
2103158;48
2103174;72
2103208;813
2103257;67
2103307;870
2103406;296
2103505;356
2103554;22
2103604;461
2103703;151
2103752;75
2103802;283
2103901;58
2104008;141
2104057;454
2104073;50
2104081;22
2104099;121
2104107;237
2104206;98
2104305;42
2104404;81
2104503;51
2104552;130
2104602;53
2104628;48
2104651;30
2104677;182
2104701;46
2104800;725
2104909;34
2105005;70
2105104;59
2105153;56
2105203;79
2105302;6853
2105351;31
2105401;519
2105427;273
2105450;15
2105476;26
2105500;146
2105609;59
2105658;38
2105708;579
2105807;43
2105906;51
2105922;44
2105948;105
2105963;77
2105989;59
2106003;111
2106102;86
2106201;38
2106300;101
2106326;226
2106359;25
2106375;34
2106409;81
2106508;159
2106607;108
2106631;36
2106672;14
2106706;94
2106755;152
2106805;65
2106904;83
2107001;41
2107100;106
2107209;43
2107258;51
2107308;18
2107357;65
2107407;97
2107456;49
2107506;868
2107605;56
2107704;146
2107803;159
2107902;121
2108009;208
2108058;80
2108108;115
2108207;770
2108256;32
2108306;103
2108405;26
2108454;133
2108504;162
2108603;622
2108702;169
2108801;74
2108900;98
2109007;391
2109056;11
2109106;875
2109205;26
2109239;56
2109270;24
2109304;32
2109403;23
2109452;227
2109502;158
2109551;44
2109601;401
2109700;44
2109759;27
2109809;156
2109908;1291
2110005;432
2110039;224
2110104;105
2110203;190
2110237;30
2110278;53
2110302;153
2110401;101
2110500;235
2110609;200
2110658;60
2110708;275
2110807;27
2110856;29
2110906;46
2111003;50
2111029;47
2111052;91
2111078;35
2111102;409
2111201;1477
2111250;34
2111300;22788
2111409;63
2111508;291
2111532;44
2111573;78
2111607;225
2111631;12
2111672;14
2111706;96
2111722;48
2111748;32
2111763;88
2111789;23
2111805;94
2111904;54
2111953;25
2112001;88
2112100;101
2112209;1335
2112233;316
2112274;19
2112308;197
2112407;115
2112456;45
2112506;299
2112605;228
2112704;298
2112803;386
2112852;41
2112902;148
2113009;223
2114007;263
2200053;85
2200103;43
2200202;368
2200251;54
2200277;54
2200301;125
2200400;495
2200459;37
2200509;207
2200608;62
2200707;163
2200806;57
2200905;47
2200954;11
2201002;46
2201051;23
2201101;90
2201150;214
2201176;39
2201200;338
2201309;15
2201408;53
2201507;185
2201556;53
2201572;49
2201606;87
2201705;71
2201739;100
2201770;43
2201804;45
2201903;757
2201919;35
2201929;32
2201945;43
2201960;63
2201988;32
2202000;174
2202026;77
2202059;45
2202075;22
2202083;146
2202091;46
2202109;42
2202117;42
2202133;71
2202174;28
2202208;647
2202251;27
2202307;302
2202406;79
2202455;26
2202505;100
2202539;31
2202554;34
2202604;232
2202653;35
2202703;263
2202711;33
2202729;53
2202737;32
2202752;79
2202778;39
2202802;47
2202851;28
2202901;364
2203008;38
2203107;114
2203206;164
2203230;18
2203255;28
2203271;43
2203305;148
2203354;57
2203404;76
2203420;19
2203453;70
2203503;129
2203602;44
2203701;456
2203750;18
2203800;34
2203859;18
2203909;1598
2204006;29
2204105;25
2204154;21
2204204;111
2204303;147
2204352;40
2204402;129
2204501;164
2204550;54
2204600;26
2204659;44
2204709;149
2204808;84
2204907;51
2205003;68
2205102;122
2205151;97
2205201;259
2205250;28
2205276;18
2205300;41
2205359;22
2205409;79
2205458;18
2205508;382
2205516;31
2205524;55
2205532;34
2205540;17
2205557;82
2205565;43
2205573;31
2205581;31
2205599;39
2205607;79
2205706;315
2205805;202
2205854;22
2205904;49
2205953;80
2206001;63
2206050;27
2206100;90
2206209;154
2206308;18
2206357;37
2206407;87
2206506;65
2206605;59
2206654;24
2206670;41
2206696;37
2206704;61
2206720;52
2206753;17
2206803;35
2206902;51
2206951;21
2207009;626
2207108;14
2207207;85
2207306;51
2207355;35
2207405;36
2207504;78
2207553;37
2207603;91
2207702;2972
2207751;21
2207777;53
2207793;30
2207801;338
2207850;37
2207900;419
2207934;17
2207959;34
2208007;2437
2208106;75
2208205;211
2208304;433
2208403;945
2208502;71
2208551;22
2208601;30
2208650;102
2208700;45
2208809;192
2208858;18
2208874;34
2208908;86
2209005;50
2209104;70
2209153;38
2209203;86
2209302;38
2209351;38
2209377;50
2209401;72
2209450;6
2209500;38
2209559;32
2209609;22
2209658;49
2209708;47
2209757;31
2209807;43
2209856;28
2209872;29
2209906;41
2209955;36
2209971;50
2210003;357
2210052;50
2210102;44
2210201;88
2210300;74
2210359;32
2210375;24
2210383;24
2210391;20
2210409;177
2210508;108
2210607;844
2210623;16
2210631;60
2210656;56
2210706;99
2210805;219
2210904;21
2210938;65
2210953;23
2210979;25
2211001;20538
2211100;486
2211209;697
2211308;465
2211357;23
2211407;36
2211506;19
2211605;45
2211704;34
2300101;62
2300150;120
2300200;575
2300309;410
2300408;81
2300507;68
2300606;42
2300705;171
2300754;372
2300804;71
2300903;126
2301000;1271
2301109;1135
2301208;257
2301257;56
2301307;172
2301406;95
2301505;56
2301604;199
2301703;180
2301802;22
2301851;173
2301901;848
2301950;187
2302008;122
2302057;129
2302107;484
2302206;470
2302305;359
2302404;509
2302503;619
2302602;788
2302701;266
2302800;943
2302909;111
2303006;125
2303105;146
2303204;123
2303303;156
2303402;132
2303501;826
2303600;100
2303659;35
2303709;3452
2303808;204
2303907;88
2303931;80
2303956;240
2304004;194
2304103;1102
2304202;2061
2304236;94
2304251;538
2304269;105
2304277;36
2304285;3174
2304301;175
2304350;248
2304400;63740
2304459;281
2304509;199
2304608;73
2304657;108
2304707;358
2304806;24
2304905;155
2304954;108
2305001;604
2305100;100
2305209;194
2305233;814
2305266;82
2305308;180
2305332;76
2305357;292
2305407;629
2305506;1925
2305605;240
2305654;84
2305704;77
2305803;519
2305902;319
2306009;204
2306108;174
2306207;77
2306256;632
2306306;431
2306405;1320
2306504;134
2306553;425
2306603;123
2306702;197
2306801;93
2306900;611
2307007;570
2307106;222
2307205;38
2307254;845
2307304;5782
2307403;185
2307502;243
2307601;1057
2307635;166
2307650;3570
2307700;998
2307809;376
2307908;62
2308005;306
2308104;387
2308203;127
2308302;178
2308351;149
2308377;55
2308401;324
2308500;385
2308609;153
2308708;562
2308807;49
2308906;176
2309003;82
2309102;82
2309201;175
2309300;289
2309409;265
2309458;176
2309508;159
2309607;798
2309706;584
2309805;109
2309904;54
2310001;76
2310100;57
2310209;412
2310258;401
2310308;254
2310407;121
2310506;254
2310605;89
2310704;299
2310803;123
2310852;298
2310902;84
2310951;45
2311009;94
2311108;114
2311207;63
2311231;55
2311264;234
2311306;999
2311355;112
2311405;927
2311504;247
2311603;251
2311702;273
2311801;1030
2311900;93
2311959;56
2312007;375
2312106;92
2312205;373
2312304;729
2312403;625
2312502;34
2312601;93
2312700;271
2312809;37
2312908;3119
2313005;284
2313104;432
2313203;188
2313252;51
2313302;908
2313351;101
2313401;1593
2313500;467
2313559;70
2313609;468
2313708;33
2313757;77
2313807;128
2313906;75
2313955;359
2314003;462
2314102;453
2400109;160
2400208;912
2400307;73
2400406;28
2400505;181
2400604;61
2400703;187
2400802;200
2400901;75
2401008;440
2401107;338
2401206;75
2401305;64
2401404;105
2401453;294
2401503;25
2401602;22
2401651;22
2401701;88
2401800;125
2401859;51
2401909;26
2402006;1513
2402105;79
2402204;310
2402303;291
2402402;168
2402501;94
2402600;720
2402709;111
2402808;22
2402907;20
2403004;109
2403103;927
2403202;38
2403251;5012
2403301;51
2403400;72
2403509;51
2403608;463
2403707;52
2403756;38
2403806;134
2403905;21
2404002;61
2404101;32
2404200;329
2404309;129
2404408;108
2404507;168
2404606;29
2404705;129
2404804;20
2404853;110
2404903;55
2405009;68
2405108;48
2405207;64
2405306;38
2405405;23
2405504;11
2405603;228
2405702;276
2405801;545
2405900;13
2406007;48
2406106;215
2406155;17
2406205;34
2406304;41
2406403;23
2406502;185
2406601;67
2406700;89
2406809;29
2406908;113
2407005;41
2407104;990
2407203;373
2407252;51
2407302;76
2407401;139
2407500;99
2407609;44
2407708;59
2407807;162
2407906;27
2408003;6759
2408102;24392
2408201;316
2408300;407
2408409;44
2408508;76
2408607;22
2408706;22
2408805;43
2408904;595
2408953;81
2409100;129
2409209;27
2409308;158
2409332;38
2409407;750
2409506;42
2409605;15
2409704;52
2409803;73
2409902;93
2410009;36
2410108;40
2410207;76
2410256;35
2410306;77
2410405;52
2410504;50
2410603;27
2410702;26
2410801;20
2410900;47
2411007;34
2411056;105
2411106;17
2411205;583
2411403;141
2411429;53
2411502;245
2411601;58
2411700;23
2411809;42
2411908;33
2412005;983
2412104;64
2412203;579
2412302;106
2412401;88
2412500;292
2412559;236
2412609;189
2412708;30
2412807;57
2412906;96
2413003;85
2413102;30
2413201;25
2413300;61
2413359;160
2413409;121
2413508;46
2413557;82
2413607;52
2413706;30
2413805;28
2413904;43
2414001;139
2414100;126
2414159;68
2414209;704
2414308;41
2414407;363
2414456;29
2414506;208
2414605;115
2414704;42
2414753;34
2414803;91
2414902;12
2415008;25
2500106;97
2500205;46
2500304;224
2500403;139
2500502;97
2500536;40
2500577;13
2500601;182
2500700;244
2500734;15
2500775;82
2500809;131
2500908;101
2501005;153
2501104;252
2501153;12
2501203;59
2501302;51
2501351;43
2501401;87
2501500;270
2501534;35
2501575;29
2501609;96
2501708;37
2501807;843
2501906;149
2502003;58
2502052;18
2502102;66
2502151;74
2502201;17
2502300;44
2502409;104
2502508;156
2502607;42
2502706;31
2502805;150
2502904;65
2503001;142
2503100;59
2503209;1519
2503308;72
2503407;30
2503506;118
2503555;36
2503605;57
2503704;1484
2503753;27
2503803;33
2503902;45
2504009;9466
2504033;55
2504074;30
2504108;17
2504157;53
2504207;29
2504306;603
2504355;37
2504405;363
2504504;45
2504603;407
2504702;75
2504801;322
2504850;26
2504900;99
2505006;57
2505105;288
2505204;61
2505238;44
2505279;20
2505303;19
2505352;36
2505402;65
2505501;24
2505600;101
2505709;84
2505808;27
2505907;13
2506004;581
2506103;50
2506202;26
2506251;18
2506301;1205
2506400;90
2506509;30
2506608;81
2506707;98
2506806;154
2506905;278
2507002;545
2507101;151
2507200;52
2507309;172
2507408;68
2507507;22240
2507606;53
2507705;145
2507804;106
2507903;71
2508000;77
2508109;47
2508208;52
2508307;240
2508406;21
2508505;41
2508554;28
2508604;128
2508703;22
2508802;46
2508901;590
2509008;94
2509057;55
2509107;143
2509156;75
2509206;69
2509305;82
2509339;18
2509370;24
2509396;62
2509404;99
2509503;31
2509602;38
2509701;409
2509800;45
2509909;15
2510006;66
2510105;115
2510204;47
2510303;36
2510402;35
2510501;26
2510600;22
2510659;16
2510709;19
2510808;2104
2510907;138
2511004;44
2511103;49
2511202;269
2511301;221
2511400;240
2511509;68
2511608;80
2511707;20
2511806;68
2511905;118
2512002;173
2512036;22
2512077;58
2512101;612
2512200;48
2512309;292
2512408;109
2512507;520
2512606;19
2512705;148
2512721;27
2512747;21
2512754;32
2512762;20
2512788;14
2512804;114
2512903;296
2513000;24
2513109;67
2513158;39
2513208;79
2513307;68
2513356;40
2513406;275
2513505;47
2513604;54
2513653;15
2513703;1188
2513802;37
2513851;18
2513901;589
2513927;41
2513943;20
2513968;31
2513984;31
2514008;41
2514107;15
2514206;70
2514305;39
2514404;20
2514453;23
2514503;197
2514552;20
2514602;20
2514651;19
2514701;72
2514800;22
2514909;37
2515005;40
2515104;70
2515203;28
2515302;406
2515401;65
2515500;150
2515609;31
2515708;27
2515807;34
2515906;36
2515930;26
2515971;56
2516003;469
2516102;194
2516151;28
2516201;1688
2516300;313
2516409;33
2516508;124
2516607;129
2516706;167
2516755;29
2516805;72
2516904;215
2517001;52
2517100;59
2517209;31
2517407;17
2600054;936
2600104;637
2600203;153
2600302;220
2600401;93
2600500;262
2600609;58
2600708;257
2600807;162
2600906;136
2601003;47
2601052;85
2601102;1064
2601201;1137
2601300;92
2601409;365
2601508;51
2601607;164
2601706;881
2601805;78
2601904;872
2602001;315
2602100;258
2602209;374
2602308;410
2602407;69
2602506;61
2602605;351
2602704;75
2602803;267
2602902;2313
2603009;254
2603108;187
2603207;134
2603306;60
2603405;40
2603454;1482
2603504;177
2603603;61
2603702;177
2603801;100
2603900;179
2603926;76
2604007;1403
2604106;8726
2604155;35
2604205;177
2604304;121
2604403;63
2604502;219
2604601;176
2604700;96
2604809;58
2604908;97
2605004;356
2605103;399
2605152;317
2605202;515
2605301;304
2605400;238
2605459;366
2605509;112
2605608;192
2605707;227
2605806;88
2605905;74
2606002;2432
2606101;194
2606200;1031
2606309;79
2606408;1465
2606507;72
2606606;173
2606705;38
2606804;1113
2606903;74
2607000;92
2607109;38
2607208;1548
2607307;284
2607406;34
2607505;116
2607604;205
2607653;398
2607703;192
2607752;179
2607802;76
2607901;7872
2607950;46
2608008;110
2608057;142
2608107;255
2608206;55
2608255;69
2608305;116
2608404;78
2608453;118
2608503;169
2608602;61
2608701;81
2608750;220
2608800;538
2608909;1112
2609006;194
2609105;114
2609154;68
2609204;44
2609303;136
2609402;709
2609501;367
2609600;5709
2609709;202
2609808;49
2609907;786
2610004;688
2610103;30
2610202;119
2610301;81
2610400;170
2610509;251
2610608;491
2610707;3164
2610806;84
2610905;631
2611002;353
2611101;6949
2611200;69
2611309;240
2611408;72
2611507;121
2611533;75
2611606;46757
2611705;206
2611804;249
2611903;139
2612000;97
2612109;32
2612208;872
2612307;73
2612406;153
2612455;103
2612471;135
2612505;2448
2612554;135
2612604;196
2612703;87
2612802;79
2612901;57
2613008;306
2613107;262
2613206;116
2613305;90
2613404;177
2613503;282
2613602;427
2613701;851
2613800;109
2613909;1506
2614006;96
2614105;278
2614204;192
2614303;87
2614402;41
2614501;1054
2614600;357
2614709;77
2614808;113
2614857;351
2615003;304
2615102;36
2615201;68
2615300;705
2615409;988
2615508;66
2615607;428
2615706;245
2615805;102
2615904;114
2616001;142
2616100;50
2616183;34
2616209;159
2616308;209
2616407;1754
2616506;58
2700102;84
2700201;100
2700300;4419
2700409;236
2700508;103
2700607;214
2700706;131
2700805;42
2700904;25
2701001;207
2701100;51
2701209;85
2701308;141
2701357;39
2701407;277
2701506;76
2701605;89
2701704;134
2701803;35
2701902;47
2702009;79
2702108;150
2702207;24
2702306;412
2702355;173
2702405;632
2702504;48
2702553;84
2702603;120
2702702;32
2702801;46
2702900;248
2703007;122
2703106;162
2703205;120
2703304;81
2703403;41
2703502;34
2703601;128
2703700;29
2703759;55
2703809;113
2703908;26
2704005;260
2704104;95
2704203;181
2704302;19737
2704401;158
2704500;457
2704609;37
2704708;781
2704807;101
2704906;23
2705002;107
2705101;172
2705200;133
2705309;30
2705408;32
2705507;262
2705606;98
2705705;248
2705804;38
2705903;28
2706000;42
2706109;74
2706208;21
2706307;1026
2706406;117
2706422;41
2706448;185
2706505;99
2706604;39
2706703;622
2706802;115
2706901;288
2707008;10
2707107;243
2707206;42
2707305;308
2707404;113
2707503;98
2707602;85
2707701;761
2707800;37
2707909;44
2708006;541
2708105;90
2708204;18
2708303;131
2708402;133
2708501;183
2708600;645
2708709;148
2708808;289
2708907;209
2708956;34
2709004;35
2709103;193
2709152;406
2709202;113
2709301;637
2709400;254
2800100;16
2800209;150
2800308;17726
2800407;65
2800506;95
2800605;307
2800670;213
2800704;30
2801009;245
2801108;13
2801207;299
2801306;198
2801405;243
2801504;155
2801603;42
2801702;115
2801900;31
2802007;14
2802106;872
2802205;31
2802304;147
2802403;58
2802502;21
2802601;47
2802700;37
2802809;80
2802908;2147
2803005;400
2803104;40
2803203;274
2803302;129
2803401;94
2803500;1322
2803609;160
2803708;54
2803807;43
2803906;84
2804003;86
2804102;132
2804201;99
2804300;38
2804409;166
2804458;67
2804508;541
2804607;275
2804706;49
2804805;1383
2804904;39
2805000;10
2805109;57
2805208;43
2805307;59
2805406;175
2805505;193
2805604;198
2805703;427
2805802;61
2805901;43
2806008;248
2806107;55
2806206;199
2806305;42
2806404;40
2806503;19
2806602;67
2806701;854
2806800;101
2806909;19
2807006;25
2807105;424
2807204;42
2807303;17
2807402;856
2807501;118
2807600;286
2900108;183
2900207;97
2900306;100
2900355;88
2900405;80
2900504;77
2900603;25
2900702;2468
2900801;182
2900900;33
2901007;525
2901106;260
2901155;94
2901205;225
2901304;108
2901353;81
2901403;113
2901502;77
2901601;101
2901700;38
2901809;103
2901908;104
2901957;53
2902005;117
2902054;109
2902104;386
2902203;69
2902252;43
2902302;61
2902401;79
2902500;78
2902609;264
2902658;119
2902708;508
2902807;618
2902906;453
2903003;171
2903102;28
2903201;4316
2903235;137
2903276;132
2903300;34
2903409;168
2903508;140
2903607;158
2903706;126
2903805;103
2903904;1266
2903953;30
2904001;100
2904050;126
2904100;216
2904209;84
2904308;121
2904407;53
2904506;156
2904605;1839
2904704;120
2904753;86
2904803;65
2904852;124
2904902;365
2905008;630
2905107;59
2905156;100
2905206;1137
2905305;226
2905404;565
2905503;147
2905602;450
2905701;4749
2905800;503
2905909;350
2906006;1104
2906105;72
2906204;303
2906303;364
2906402;31
2906501;1055
2906600;161
2906709;250
2906808;525
2906824;117
2906857;109
2906873;872
2906899;68
2906907;179
2907004;75
2907103;177
2907202;485
2907301;285
2907400;41
2907509;929
2907558;64
2907608;121
2907707;70
2907806;381
2907905;154
2908002;215
2908101;119
2908200;220
2908309;123
2908408;1039
2908507;1218
2908606;216
2908705;201
2908804;58
2908903;319
2909000;77
2909109;97
2909208;83
2909307;506
2909406;108
2909505;37
2909604;145
2909703;77
2909802;1311
2909901;338
2910008;59
2910057;1178
2910107;172
2910206;39
2910305;72
2910404;159
2910503;537
2910602;439
2910701;775
2910727;2375
2910750;123
2910776;39
2910800;15256
2910859;155
2910909;42
2911006;64
2911105;413
2911204;490
2911253;26
2911303;58
2911402;104
2911501;56
2911600;226
2911659;89
2911709;2674
2911808;101
2911857;92
2911907;217
2912004;166
2912103;311
2912202;380
2912301;173
2912400;126
2912509;219
2912608;28
2912707;112
2912806;99
2912905;160
2913002;115
2913101;146
2913200;525
2913309;45
2913408;230
2913457;76
2913507;263
2913606;2965
2913705;287
2913804;45
2913903;838
2914000;801
2914109;197
2914208;51
2914307;93
2914406;235
2914505;256
2914604;2198
2914653;374
2914703;1180
2914802;4790
2914901;551
2915007;110
2915106;76
2915205;107
2915304;63
2915353;67
2915403;38
2915502;159
2915601;992
2915700;33
2915809;187
2915908;45
2916005;184
2916104;154
2916203;100
2916302;70
2916401;1238
2916500;195
2916609;45
2916708;49
2916807;171
2916856;287
2916906;140
2917003;353
2917102;331
2917201;247
2917300;350
2917334;80
2917359;116
2917409;144
2917508;1659
2917607;819
2917706;287
2917805;69
2917904;101
2918001;2804
2918100;316
2918209;128
2918308;127
2918357;219
2918407;3552
2918456;49
2918506;166
2918555;47
2918605;116
2918704;36
2918753;109
2918803;192
2918902;33
2919009;27
2919058;74
2919108;52
2919157;205
2919207;8619
2919306;229
2919405;204
2919504;1045
2919553;4512
2919603;81
2919702;165
2919801;652
2919900;56
2919926;152
2919959;69
2920007;102
2920106;149
2920205;98
2920304;85
2920403;102
2920452;36
2920502;535
2920601;354
2920700;418
2920809;55
2920908;119
2921005;884
2921054;78
2921104;267
2921203;377
2921302;127
2921401;82
2921450;56
2921500;411
2921609;77
2921708;305
2921807;174
2921906;153
2922003;596
2922052;144
2922102;191
2922201;49
2922250;68
2922300;308
2922409;262
2922508;387
2922607;71
2922656;125
2922706;116
2922730;142
2922755;30
2922805;57
2922854;34
2922904;173
2923001;538
2923035;94
2923050;94
2923100;180
2923209;323
2923308;37
2923357;214
2923407;166
2923506;147
2923605;551
2923704;202
2923803;292
2923902;90
2924009;1637
2924058;116
2924108;24
2924207;61
2924306;226
2924405;331
2924504;156
2924603;165
2924652;139
2924678;45
2924702;70
2924801;194
2924900;93
2925006;219
2925105;523
2925204;451
2925253;134
2925303;4750
2925402;87
2925501;373
2925600;122
2925709;133
2925758;272
2925808;333
2925907;231
2925931;94
2925956;121
2926004;493
2926103;231
2926202;206
2926301;523
2926400;374
2926509;58
2926608;803
2926657;48
2926707;199
2926806;178
2926905;95
2927002;431
2927101;81
2927200;403
2927309;110
2927408;60601
2927507;191
2927606;85
2927705;528
2927804;48
2927903;79
2928000;524
2928059;94
2928109;565
2928208;277
2928307;59
2928406;284
2928505;79
2928604;571
2928703;2590
2928802;637
2928901;526
2928950;169
2929008;67
2929057;205
2929107;285
2929206;173
2929255;239
2929305;559
2929354;35
2929370;98
2929404;71
2929503;399
2929602;207
2929701;171
2929750;123
2929800;66
2929909;833
2930006;106
2930105;1226
2930154;275
2930204;164
2930303;108
2930402;110
2930501;1253
2930600;187
2930709;2586
2930758;66
2930766;70
2930774;207
2930808;98
2930907;119
2931004;451
2931053;381
2931103;83
2931202;134
2931301;105
2931350;3051
2931400;51
2931509;145
2931608;134
2931707;86
2931806;99
2931905;491
2932002;258
2932101;188
2932200;319
2932309;211
2932408;111
2932457;81
2932507;199
2932606;224
2932705;267
2932804;193
2932903;1574
2933000;572
2933059;154
2933109;39
2933158;106
2933174;75
2933208;535
2933257;28
2933307;9135
2933406;116
2933455;124
2933505;177
2933604;373
3100104;262
3100203;681
3100302;371
3100401;55
3100500;87
3100609;156
3100708;36
3100807;97
3100906;322
3101003;100
3101102;482
3101201;122
3101300;47
3101409;54
3101508;1736
3101607;2796
3101631;115
3101706;699
3101805;114
3101904;583
3102001;325
3102050;115
3102100;192
3102209;44
3102308;266
3102407;44
3102506;61
3102605;1335
3102704;80
3102803;278
3102852;84
3102902;165
3103009;105
3103108;24
3103207;28
3103306;25
3103405;771
3103504;3469
3103603;58
3103702;103
3103751;176
3103801;66
3103900;263
3104007;3486
3104106;222
3104205;1788
3104304;500
3104403;47
3104452;65
3104502;243
3104601;494
3104700;161
3104809;74
3104908;570
3105004;139
3105103;641
3105202;35
3105301;127
3105400;689
3105509;91
3105608;3023
3105707;78
3105905;514
3106002;152
3106101;74
3106200;126076
3106309;325
3106408;186
3106507;137
3106606;31
3106655;55
3106705;8463
3106804;27
3106903;524
3107000;57
3107109;1151
3107208;87
3107307;1254
3107406;1662
3107505;167
3107604;118
3107703;140
3107802;181
3107901;186
3108008;445
3108107;164
3108206;127
3108255;53
3108305;582
3108404;377
3108503;90
3108552;298
3108602;532
3108701;67
3108800;52
3108909;264
3109006;1030
3109105;237
3109204;144
3109253;39
3109303;504
3109402;407
3109451;68
3109501;265
3109600;86
3109709;227
3109808;45
3109907;204
3110004;715
3110103;82
3110202;69
3110301;321
3110400;31
3110509;967
3110608;1052
3110707;230
3110806;46
3110905;447
3111002;475
3111101;410
3111150;22
3111200;1759
3111309;254
3111408;177
3111507;357
3111606;608
3111705;73
3111804;148
3111903;96
3112000;389
3112059;56
3112109;87
3112208;55
3112307;1054
3112406;131
3112505;220
3112604;357
3112653;70
3112703;128
3112802;451
3112901;106
3113008;119
3113107;27
3113206;495
3113305;896
3113404;2931
3113503;184
3113602;170
3113701;275
3113800;38
3113909;177
3114006;212
3114105;232
3114204;639
3114303;850
3114402;677
3114501;497
3114550;226
3114600;116
3114709;74
3114808;81
3114907;35
3115003;49
3115102;466
3115201;48
3115300;1826
3115359;121
3115409;45
3115458;79
3115474;46
3115508;664
3115607;14
3115706;159
3115805;124
3115904;78
3116001;82
3116100;85
3116159;172
3116209;44
3116308;73
3116407;96
3116506;78
3116605;956
3116704;182
3116803;128
3116902;54
3117009;60
3117108;186
3117207;62
3117306;546
3117405;45
3117504;458
3117603;112
3117702;229
3117801;325
3117836;39
3117876;214
3117900;280
3118007;1281
3118106;55
3118205;174
3118304;3389
3118403;319
3118502;24
3118601;18068
3118700;186
3118809;334
3118908;127
3119005;54
3119104;508
3119203;191
3119302;993
3119401;2668
3119500;111
3119609;48
3119708;89
3119807;81
3119906;63
3119955;234
3120003;56
3120102;91
3120151;33
3120201;289
3120300;69
3120409;89
3120508;211
3120607;108
3120706;86
3120805;364
3120839;70
3120870;86
3120904;2116
3121001;75
3121100;131
3121209;169
3121258;172
3121308;106
3121407;127
3121506;63
3121605;1205
3121704;28
3121803;138
3121902;140
3122009;363
3122108;69
3122207;95
3122306;9137
3122355;87
3122405;96
3122454;79
3122470;62
3122504;133
3122603;64
3122702;142
3122801;35
3122900;137
3123007;358
3123106;70
3123205;399
3123304;98
3123403;22
3123502;33
3123528;109
3123601;716
3123700;273
3123809;111
3123858;62
3123908;455
3124005;437
3124104;1018
3124203;663
3124302;674
3124401;95
3124500;269
3124609;39
3124708;67
3124807;129
3124906;229
3125002;70
3125101;1416
3125200;50
3125309;53
3125408;58
3125507;48
3125606;93
3125705;294
3125804;47
3125903;125
3125952;150
3126000;203
3126109;2776
3126208;60
3126307;61
3126406;72
3126505;64
3126604;96
3126703;580
3126752;61
3126802;28
3126901;144
3126950;24
3127008;391
3127057;40
3127073;55
3127107;1902
3127206;90
3127305;123
3127339;38
3127354;35
3127370;37
3127388;118
3127404;172
3127503;62
3127602;225
3127701;7581
3127800;217
3127909;26
3128006;947
3128105;343
3128204;119
3128253;84
3128303;474
3128402;261
3128501;80
3128600;207
3128709;1968
3128808;192
3128907;156
3129004;185
3129103;85
3129202;108
3129301;204
3129400;83
3129509;464
3129608;61
3129657;68
3129707;231
3129806;1867
3129905;65
3130002;68
3130051;88
3130101;1111
3130200;362
3130309;200
3130408;243
3130507;218
3130556;67
3130606;213
3130655;60
3130705;87
3130804;41
3130903;488
3131000;130
3131109;97
3131158;186
3131208;464
3131307;7750
3131406;69
3131505;271
3131604;240
3131703;2983
3131802;194
3131901;1767
3132008;59
3132107;201
3132206;540
3132305;96
3132404;3381
3132503;845
3132602;86
3132701;251
3132800;42
3132909;240
3133006;374
3133105;456
3133204;220
3133303;381
3133402;336
3133501;493
3133600;333
3133709;280
3133758;485
3133808;3828
3133907;86
3134004;133
3134103;95
3134202;2444
3134301;92
3134400;1334
3134509;77
3134608;409
3134707;116
3134806;195
3134905;976
3135001;63
3135050;469
3135076;37
3135100;1755
3135209;958
3135308;128
3135357;79
3135407;136
3135456;387
3135506;164
3135605;86
3135704;150
3135803;246
3135902;66
3136009;111
3136108;50
3136207;2480
3136306;1503
3136405;48
3136504;60
3136520;54
3136553;65
3136579;59
3136603;126
3136652;526
3136702;20522
3136801;59
3136900;383
3136959;47
3137007;55
3137106;151
3137205;1763
3137304;51
3137403;255
3137502;394
3137536;145
3137601;2239
3137700;337
3137809;542
3137908;80
3138005;189
3138104;105
3138203;3627
3138302;55
3138351;99
3138401;1300
3138500;104
3138609;438
3138625;176
3138658;112
3138674;65
3138682;45
3138708;103
3138807;636
3138906;104
3139003;1270
3139102;111
3139201;255
3139250;87
3139300;264
3139409;2631
3139508;551
3139607;745
3139706;190
3139805;435
3139904;271
3140001;1720
3140100;49
3140159;192
3140209;79
3140308;72
3140407;53
3140506;509
3140530;117
3140555;89
3140605;34
3140704;684
3140803;532
3140852;59
3140902;260
3141009;305
3141108;838
3141207;81
3141306;72
3141405;264
3141504;112
3141603;159
3141702;65
3141801;407
3141900;73
3142007;210
3142106;238
3142205;339
3142254;45
3142304;103
3142403;193
3142502;26
3142601;209
3142700;226
3142809;400
3142908;386
3143005;328
3143104;1637
3143153;29
3143203;698
3143302;12236
3143401;1184
3143450;92
3143500;259
3143609;26
3143708;47
3143807;100
3143906;3780
3144003;417
3144102;675
3144201;23
3144300;801
3144359;90
3144375;68
3144409;100
3144508;170
3144607;499
3144656;85
3144672;26
3144706;389
3144805;5875
3144904;56
3145000;494
3145059;105
3145109;365
3145208;2736
3145307;254
3145356;94
3145372;62
3145406;34
3145455;137
3145505;48
3145604;1198
3145703;44
3145802;36
3145851;72
3145877;90
3145901;1345
3146008;1101
3146107;1863
3146206;50
3146255;73
3146305;241
3146404;80
3146503;276
3146552;89
3146602;34
3146701;152
3146750;48
3146909;503
3147006;2405
3147105;3085
3147204;681
3147303;433
3147402;651
3147501;16
3147600;388
3147709;164
3147808;39
3147907;3747
3147956;32
3148004;6885
3148103;3215
3148202;107
3148301;107
3148400;71
3148509;70
3148608;173
3148707;293
3148756;65
3148806;65
3148905;121
3149002;29
3149101;258
3149150;116
3149200;92
3149309;1685
3149408;30
3149507;104
3149606;75
3149705;369
3149804;348
3149903;675
3149952;53
3150000;37
3150109;41
3150158;169
3150208;54
3150307;87
3150406;114
3150505;225
3150539;96
3150570;88
3150604;119
3150703;133
3150802;232
3150901;87
3151008;221
3151107;257
3151206;1444
3151305;350
3151404;817
3151503;1196
3151602;196
3151701;407
3151800;6568
3151909;89
3152006;870
3152105;1873
3152131;40
3152170;70
3152204;753
3152303;173
3152402;136
3152501;5933
3152600;179
3152709;196
3152808;856
3152907;264
3153004;60
3153103;87
3153202;54
3153301;44
3153400;350
3153509;133
3153608;214
3153707;51
3153806;45
3153905;154
3154002;511
3154101;144
3154150;110
3154200;340
3154309;336
3154408;80
3154457;64
3154507;92
3154606;2868
3154705;92
3154804;368
3154903;407
3155009;40
3155108;36
3155207;88
3155306;141
3155405;264
3155504;386
3155603;457
3155702;283
3155801;658
3155900;100
3156007;165
3156106;88
3156205;36
3156304;310
3156403;63
3156452;82
3156502;61
3156601;77
3156700;1629
3156809;245
3156908;917
3157005;1192
3157104;54
3157203;623
3157252;125
3157278;50
3157302;68
3157336;193
3157377;53
3157401;51
3157500;50
3157609;58
3157658;53
3157708;328
3157807;2798
3157906;336
3158003;286
3158102;44
3158201;229
3158300;189
3158409;59
3158508;93
3158607;48
3158706;29
3158805;69
3158904;121
3158953;745
3159001;191
3159100;57
3159209;172
3159308;106
3159357;119
3159407;46
3159506;62
3159605;1644
3159704;34
3159803;564
3159902;327
3160009;75
3160108;64
3160207;16
3160306;113
3160405;929
3160454;66
3160504;29
3160603;53
3160702;891
3160801;50
3160900;101
3160959;76
3161007;352
3161056;64
3161106;714
3161205;107
3161304;80
3161403;90
3161502;246
3161601;32
3161650;44
3161700;132
3161809;258
3161908;225
3162005;653
3162104;1242
3162203;180
3162252;67
3162302;47
3162401;163
3162450;50
3162500;2564
3162559;219
3162575;175
3162609;135
3162658;42
3162708;387
3162807;308
3162906;858
3162922;524
3162948;161
3162955;505
3163003;41
3163102;59
3163201;75
3163300;57
3163409;102
3163508;76
3163607;26
3163706;1798
3163805;107
3163904;97
3164001;135
3164100;54
3164209;132
3164308;201
3164407;154
3164431;56
3164472;68
3164506;98
3164605;170
3164704;2478
3164803;22
3164902;54
3165008;278
3165107;124
3165206;210
3165305;202
3165404;169
3165503;83
3165537;724
3165552;72
3165560;38
3165578;88
3165602;36
3165701;189
3165800;32
3165909;52
3166006;117
3166105;20
3166204;134
3166303;150
3166402;54
3166501;24
3166600;15
3166709;82
3166808;327
3166907;133
3166956;50
3167004;41
3167103;285
3167202;6881
3167301;52
3167400;132
3167509;71
3167608;261
3167707;67
3167806;105
3167905;83
3168002;904
3168051;30
3168101;77
3168200;18
3168309;66
3168408;305
3168507;279
3168606;3521
3168705;2200
3168804;465
3168903;168
3169000;533
3169059;66
3169109;156
3169208;196
3169307;1825
3169356;870
3169406;1482
3169505;69
3169604;758
3169703;473
3169802;100
3169901;3900
3170008;79
3170057;255
3170107;11710
3170206;30534
3170305;22
3170404;2878
3170438;57
3170479;38
3170503;161
3170529;75
3170578;127
3170602;48
3170651;90
3170701;5571
3170750;162
3170800;664
3170909;293
3171006;601
3171030;60
3171071;90
3171105;48
3171154;83
3171204;1694
3171303;2924
3171402;73
3171501;27
3171600;203
3171709;178
3171808;169
3171907;57
3172004;1299
3172103;94
3172202;41
3200102;592
3200136;242
3200169;283
3200201;747
3200300;980
3200359;152
3200409;701
3200508;146
3200607;2375
3200706;348
3200805;725
3200904;1115
3201001;290
3201100;241
3201159;257
3201209;6389
3201308;7044
3201407;1280
3201506;4687
3201605;387
3201704;328
3201803;98
3201902;1043
3202009;175
3202108;443
3202207;553
3202256;204
3202306;909
3202405;4310
3202454;557
3202504;395
3202553;158
3202603;552
3202652;288
3202702;234
3202801;596
3202900;217
3203007;721
3203056;419
3203106;237
3203130;461
3203163;178
3203205;4813
3203304;272
3203320;838
3203346;524
3203353;358
3203403;511
3203502;367
3203601;70
3203700;314
3203809;249
3203908;1261
3204005;411
3204054;369
3204104;478
3204203;508
3204252;134
3204302;205
3204351;451
3204401;233
3204500;147
3204559;1141
3204609;717
3204658;189
3204708;1036
3204807;212
3204906;2406
3204955;286
3205002;12166
3205010;319
3205036;552
3205069;902
3205101;1283
3205150;162
3205176;338
3205200;16642
3205309;22094
3300100;3442
3300159;254
3300209;2600
3300225;379
3300233;1899
3300258;783
3300308;1712
3300407;4129
3300456;3287
3300506;727
3300605;892
3300704;6326
3300803;883
3300902;216
3300936;145
3300951;293
3301009;9743
3301108;482
3301157;212
3301207;372
3301306;920
3301405;327
3301504;584
3301603;229
3301702;12880
3301801;178
3301850;905
3301876;351
3301900;3085
3302007;1859
3302056;238
3302106;634
3302205;2946
3302254;853
3302270;681
3302304;87
3302403;5733
3302452;179
3302502;3225
3302601;689
3302700;2890
3302809;275
3302858;1457
3302908;744
3303005;573
3303104;263
3303203;2042
3303302;21229
3303401;7289
3303500;9807
3303609;604
3303708;904
3303807;1328
3303856;416
3303906;10304
3303955;441
3304003;467
3304102;322
3304110;399
3304128;297
3304144;1256
3304151;321
3304201;3531
3304300;2327
3304409;263
3304508;162
3304524;3404
3304557;218620
3304607;192
3304706;1325
3304755;653
3304805;627
3304904;11707
3305000;611
3305109;4751
3305133;100
3305158;441
3305208;1794
3305307;102
3305406;487
3305505;3231
3305554;747
3305604;286
3305703;215
3305752;344
3305802;5695
3305901;168
3306008;2449
3306107;1260
3306156;131
3306206;776
3306305;7129
3500105;1751
3500204;110
3500303;916
3500402;252
3500501;850
3500550;220
3500600;183
3500709;909
3500758;184
3500808;129
3500907;94
3501004;560
3501103;121
3501152;240
3501202;101
3501301;681
3501400;36
3501509;47
3501608;12755
3501707;743
3501806;148
3501905;2870
3502002;155
3502101;2068
3502200;784
3502309;107
3502408;105
3502507;1617
3502606;105
3502705;688
3502754;675
3502804;8513
3502903;1209
3503000;151
3503109;127
3503158;74
3503208;9677
3503307;5180
3503356;38
3503406;193
3503505;63
3503604;192
3503703;175
3503802;1641
3503901;2419
3503950;132
3504008;4293
3504107;7176
3504206;749
3504305;81
3504404;329
3504503;3100
3504602;853
3504701;19
3504800;570
3504909;448
3505005;86
3505104;120
3505203;1251
3505302;1406
3505351;275
3505401;92
3505500;4278
3505609;669
3505708;18709
3505807;627
3505906;2092
3506003;13917
3506102;3078
3506201;60
3506300;577
3506359;2414
3506409;328
3506508;4557
3506607;468
3506706;409
3506805;533
3506904;206
3507001;2516
3507100;642
3507159;63
3507209;62
3507308;137
3507407;691
3507456;51
3507506;4768
3507605;7286
3507704;111
3507753;152
3507803;958
3507902;1088
3508009;577
3508108;793
3508207;118
3508306;136
3508405;1229
3508504;2114
3508603;641
3508702;2527
3508801;608
3508900;73
3509007;2373
3509106;492
3509205;2436
3509254;510
3509304;371
3509403;1064
3509452;165
3509502;53898
3509601;1408
3509700;2212
3509809;218
3509908;221
3509957;109
3510005;1045
3510104;93
3510153;82
3510203;2105
3510302;646
3510401;1679
3510500;3938
3510609;5590
3510708;311
3510807;970
3510906;309
3511003;309
3511102;5297
3511201;177
3511300;530
3511409;464
3511508;2093
3511607;775
3511706;498
3511904;178
3512001;405
3512100;106
3512209;689
3512308;553
3512407;881
3512506;142
3512605;162
3512704;140
3512803;1540
3512902;229
3513009;9663
3513108;1562
3513207;288
3513306;93
3513405;1809
3513504;1972
3513603;992
3513702;1400
3513801;8942
3513850;25
3513900;2304
3514007;153
3514106;1269
3514205;42
3514304;324
3514403;2049
3514502;457
3514601;331
3514700;158
3514809;184
3514908;482
3514924;83
3514957;85
3515004;3796
3515103;1147
3515129;121
3515152;517
3515186;1473
3515194;232
3515202;286
3515301;51
3515350;175
3515400;601
3515509;3338
3515608;230
3515657;54
3515707;2323
3515806;99
3515905;122
3516002;290
3516101;47
3516200;15355
3516309;1530
3516408;2021
3516507;270
3516606;178
3516705;1534
3516804;80
3516853;125
3516903;696
3517000;126
3517109;133
3517208;212
3517307;97
3517406;1613
3517505;754
3517604;1048
3517703;492
3517802;540
3517901;190
3518008;70
3518107;188
3518206;1026
3518305;1180
3518404;3774
3518503;630
3518602;1167
3518701;7059
3518800;32203
3518859;183
3518909;120
3519006;242
3519055;904
3519071;5197
3519105;371
3519204;219
3519253;76
3519303;975
3519402;466
3519501;181
3519600;3322
3519709;1611
3519808;155
3519907;195
3520004;535
3520103;904
3520202;241
3520301;464
3520400;1434
3520426;260
3520442;878
3520509;12149
3520608;118
3520707;119
3520806;124
3520905;379
3521002;585
3521101;191
3521150;117
3521200;64
3521309;403
3521408;829
3521507;290
3521606;202
3521705;730
3521804;546
3521903;1209
3522000;110
3522109;1947
3522158;63
3522208;2581
3522307;4955
3522406;3542
3522505;2722
3522604;2911
3522653;153
3522703;2958
3522802;575
3522901;353
3523008;82
3523107;4951
3523206;1199
3523305;223
3523404;4583
3523503;636
3523602;376
3523701;208
3523800;212
3523909;6697
3524006;2381
3524105;1316
3524204;98
3524303;3045
3524402;5785
3524501;233
3524600;344
3524709;2383
3524808;2367
3524907;183
3525003;2233
3525102;1243
3525201;938
3525300;5476
3525409;130
3525508;541
3525607;87
3525706;1545
3525805;104
3525854;115
3525904;21050
3526001;1059
3526100;236
3526209;605
3526308;445
3526407;1323
3526506;173
3526605;99
3526704;3238
3526803;2493
3526902;12980
3527009;257
3527108;2626
3527207;2162
3527256;168
3527306;1439
3527405;846
3527504;54
3527603;323
3527702;97
3527801;107
3527900;93
3528007;376
3528106;358
3528205;246
3528304;77
3528403;1093
3528502;2512
3528601;641
3528700;68
3528809;825
3528858;192
3528908;127
3529005;9151
3529104;49
3529203;525
3529302;2826
3529401;7373
3529500;182
3529609;258
3529658;30
3529708;541
3529807;429
3529906;400
3530003;117
3530102;778
3530201;477
3530300;2425
3530409;75
3530508;2490
3530607;14053
3530706;4549
3530805;3825
3530904;86
3531001;67
3531100;1239
3531209;366
3531308;2050
3531407;833
3531506;795
3531605;115
3531704;111
3531803;1505
3531902;1146
3532009;524
3532058;69
3532108;130
3532157;48
3532207;92
3532306;373
3532405;488
3532504;259
3532603;827
3532702;98
3532801;186
3532827;150
3532843;38
3532868;136
3532900;295
3533007;522
3533106;34
3533205;91
3533254;75
3533304;218
3533403;2125
3533502;1688
3533601;232
3533700;172
3533809;291
3533908;2389
3534005;116
3534104;167
3534203;326
3534302;1724
3534401;19693
3534500;76
3534609;1192
3534708;3645
3534757;291
3534807;80
3534906;329
3535002;583
3535101;210
3535200;307
3535309;795
3535408;502
3535507;1911
3535606;446
3535705;225
3535804;580
3535903;103
3536000;395
3536109;161
3536208;390
3536257;47
3536307;337
3536406;224
3536505;4383
3536570;50
3536604;470
3536703;1383
3536802;204
3536901;372
3537008;765
3537107;1716
3537156;68
3537206;106
3537305;2614
3537404;759
3537503;431
3537602;1865
3537701;161
3537800;1688
3537909;894
3538006;3652
3538105;423
3538204;479
3538303;64
3538501;177
3538600;955
3538709;16383
3538808;1063
3538907;556
3539004;558
3539103;406
3539202;805
3539301;2828
3539400;502
3539509;833
3539608;128
3539707;51
3539806;3094
3539905;198
3540002;830
3540101;209
3540200;927
3540259;62
3540309;51
3540408;75
3540507;182
3540606;1613
3540705;2119
3540754;220
3540804;1127
3540853;49
3540903;657
3541000;8795
3541059;221
3541109;59
3541208;607
3541307;2130
3541406;10558
3541505;1130
3541604;1000
3541653;112
3541703;384
3541802;44
3541901;159
3542008;169
3542107;279
3542206;1081
3542305;128
3542404;637
3542503;131
3542602;1862
3542701;232
3542800;88
3542909;375
3543006;518
3543105;117
3543204;141
3543238;35
3543253;318
3543303;2908
3543402;40399
3543501;104
3543600;139
3543709;237
3543808;257
3543907;7765
3544004;937
3544103;430
3544202;247
3544251;841
3544301;337
3544400;59
3544509;65
3544608;80
3544707;46
3544806;178
3544905;416
3545001;328
3545100;63
3545159;423
3545209;4138
3545308;852
3545407;188
3545506;97
3545605;434
3545704;127
3545803;5557
3546009;345
3546108;72
3546207;178
3546256;129
3546306;853
3546405;3450
3546504;130
3546603;1503
3546702;661
3546801;1155
3546900;108
3547007;129
3547106;61
3547205;51
3547304;9283
3547403;60
3547502;1109
3547601;743
3547650;70
3547700;645
3547809;29692
3547908;216
3548005;904
3548054;312
3548104;564
3548203;262
3548302;87
3548401;80
3548500;24186
3548609;296
3548708;31227
3548807;12707
3548906;11452
3549003;57
3549102;4099
3549201;63
3549250;66
3549300;184
3549409;1632
3549508;164
3549607;110
3549706;2666
3549805;26043
3549904;24573
3549953;396
3550001;994
3550100;1260
3550209;775
3550308;638246
3550407;1236
3550506;566
3550605;3049
3550704;2917
3550803;530
3550902;566
3551009;5352
3551108;354
3551207;70
3551306;517
3551405;179
3551504;1132
3551603;1272
3551702;5070
3551801;194
3551900;310
3552007;70
3552106;1515
3552205;28554
3552304;149
3552403;6491
3552502;6892
3552551;77
3552601;390
3552700;742
3552809;5685
3552908;167
3553005;358
3553104;123
3553203;182
3553302;782
3553401;1523
3553500;155
3553609;230
3553658;43
3553708;2133
3553807;1122
3553856;297
3553906;187
3553955;469
3554003;3561
3554102;9588
3554201;114
3554300;553
3554409;265
3554508;1721
3554607;65
3554656;37
3554706;443
3554755;62
3554805;891
3554904;301
3554953;340
3555000;2616
3555109;637
3555208;232
3555307;54
3555356;88
3555406;3554
3555505;99
3555604;502
3555703;90
3555802;287
3555901;135
3556008;1342
3556107;591
3556206;6858
3556305;475
3556354;244
3556404;1384
3556453;1711
3556503;2275
3556602;247
3556701;4347
3556800;720
3556909;233
3556958;60
3557006;2859
3557105;3628
3557154;111
3557204;238
3557303;247
4100103;254
4100202;123
4100301;186
4100400;2088
4100459;68
4100509;518
4100608;485
4100707;160
4100806;300
4100905;73
4101002;737
4101051;75
4101101;567
4101150;128
4101200;305
4101309;112
4101408;5846
4101507;5776
4101606;784
4101655;59
4101705;390
4101804;4155
4101853;37
4101903;421
4102000;1180
4102109;1007
4102208;141
4102307;412
4102406;1196
4102505;257
4102604;506
4102703;45
4102752;132
4102802;422
4102901;448
4103008;147
4103024;83
4103040;95
4103057;199
4103107;272
4103156;99
4103206;162
4103222;123
4103305;246
4103354;106
4103370;59
4103404;40
4103453;686
4103479;81
4103503;294
4103602;898
4103701;3613
4103800;286
4103909;516
4103958;69
4104006;1478
4104055;83
4104105;208
4104204;4476
4104253;574
4104303;4304
4104402;277
4104428;443
4104451;250
4104501;770
4104600;714
4104659;792
4104709;473
4104808;18406
4104907;2113
4105003;223
4105102;281
4105201;274
4105300;405
4105409;874
4105508;3580
4105607;391
4105706;495
4105805;6511
4105904;1067
4106001;133
4106100;75
4106209;394
4106308;712
4106407;1992
4106456;141
4106506;862
4106555;62
4106571;107
4106605;550
4106704;113
4106803;334
4106852;60
4106902;127118
4107009;346
4107108;131
4107124;43
4107157;78
4107207;2355
4107256;279
4107306;141
4107405;179
4107504;432
4107520;37
4107538;217
4107546;88
4107553;39
4107603;545
4107652;2872
4107702;73
4107736;102
4107751;247
4107801;148
4107850;147
4107900;235
4108007;266
4108106;91
4108205;194
4108304;11426
4108320;169
4108403;5660
4108452;77
4108502;380
4108551;48
4108601;1010
4108650;58
4108700;138
4108809;924
4108908;126
4108957;209
4109005;142
4109104;53
4109203;131
4109302;530
4109401;6281
4109500;65
4109609;1557
4109658;77
4109708;1252
4109757;154
4109807;1650
4109906;242
4110003;233
4110052;49
4110078;213
4110102;862
4110201;267
4110300;53
4110409;110
4110508;247
4110607;544
4110656;43
4110706;2042
4110805;186
4110904;108
4110953;340
4111001;144
4111100;161
4111209;520
4111258;861
4111308;71
4111407;275
4111506;1377
4111555;158
4111605;45
4111704;165
4111803;1127
4111902;416
4112009;1084
4112108;1213
4112207;130
4112306;112
4112405;286
4112504;357
4112603;30
4112702;279
4112751;234
4112801;389
4112900;74
4112959;219
4113007;178
4113106;135
4113205;1146
4113254;84
4113304;1110
4113403;71
4113429;102
4113452;105
4113502;972
4113601;165
4113700;31811
4113734;138
4113759;135
4113809;140
4113908;430
4114005;395
4114104;1058
4114203;1509
4114302;856
4114351;47
4114401;420
4114500;327
4114609;2588
4114708;97
4114807;1775
4114906;190
4115002;139
4115101;183
4115200;30588
4115309;221
4115358;242
4115408;799
4115457;60
4115507;160
4115606;572
4115705;1687
4115739;55
4115754;287
4115804;2360
4115853;161
4115903;19
4116000;24
4116059;535
4116109;224
4116208;397
4116307;108
4116406;63
4116505;25
4116604;64
4116703;466
4116802;107
4116901;1019
4116950;193
4117008;172
4117057;173
4117107;515
4117206;171
4117214;103
4117222;356
4117255;453
4117271;133
4117297;77
4117305;416
4117404;98
4117453;131
4117503;937
4117602;1146
4117701;1167
4117800;373
4117909;1614
4118006;329
4118105;257
4118204;3882
4118303;54
4118402;3914
4118451;272
4118501;5211
4118600;166
4118709;209
4118808;457
4118857;189
4118907;420
4119004;376
4119103;340
4119152;6046
4119202;152
4119251;58
4119301;529
4119400;495
4119509;1565
4119608;1025
4119657;84
4119707;168
4119806;470
4119905;14152
4119954;1064
4120002;321
4120101;123
4120150;34
4120200;161
4120309;106
4120333;120
4120358;273
4120408;135
4120507;262
4120606;1373
4120655;104
4120705;277
4120804;782
4120853;241
4120903;1141
4121000;195
4121109;116
4121208;323
4121257;58
4121307;93
4121356;54
4121406;1083
4121505;405
4121604;264
4121703;855
4121752;99
4121802;363
4121901;329
4122008;340
4122107;61
4122156;270
4122172;77
4122206;788
4122305;1098
4122404;2791
4122503;287
4122602;321
4122651;127
4122701;547
4122800;103
4122909;75
4123006;543
4123105;81
4123204;87
4123303;285
4123402;453
4123501;914
4123600;29
4123709;201
4123808;366
4123824;90
4123857;171
4123907;322
4123956;68
4124004;77
4124020;489
4124053;699
4124103;1853
4124202;40
4124301;65
4124400;650
4124509;180
4124608;241
4124707;214
4124806;554
4124905;117
4125001;260
4125100;206
4125209;430
4125308;159
4125357;176
4125407;120
4125456;112
4125506;11876
4125555;53
4125605;1204
4125704;1046
4125753;131
4125803;315
4125902;78
4126009;174
4126108;116
4126207;93
4126256;2757
4126272;184
4126306;402
4126355;159
4126405;187
4126504;794
4126603;807
4126652;85
4126678;257
4126702;172
4126801;504
4126900;140
4127007;234
4127106;2154
4127205;517
4127304;327
4127403;734
4127502;560
4127601;417
4127700;7569
4127809;183
4127858;275
4127882;179
4127908;152
4127957;212
4127965;344
4128005;831
4128104;5668
4128203;2092
4128302;73
4128401;278
4128500;718
4128534;204
4128559;233
4128609;363
4128625;86
4128633;55
4128658;96
4128708;293
4128807;141
4200051;125
4200101;573
4200200;539
4200309;293
4200408;250
4200507;127
4200556;156
4200606;230
4200705;318
4200754;67
4200804;303
4200903;162
4201000;198
4201109;116
4201208;492
4201257;394
4201273;169
4201307;2123
4201406;3061
4201505;417
4201604;206
4201653;105
4201703;453
4201802;137
4201901;196
4201950;308
4202008;12906
4202057;314
4202073;316
4202081;58
4202099;36
4202107;1397
4202131;97
4202156;75
4202206;460
4202305;3055
4202404;23970
4202438;72
4202453;1772
4202503;110
4202537;120
4202578;68
4202602;303
4202701;216
4202800;1686
4202859;149
4202875;47
4202909;8046
4203006;2622
4203105;252
4203154;72
4203204;3032
4203253;58
4203303;468
4203402;142
4203501;322
4203600;1365
4203709;478
4203808;2001
4203907;953
4203956;591
4204004;552
4204103;130
4204152;87
4204178;41
4204194;67
4204202;13601
4204251;732
4204301;4154
4204350;306
4204400;412
4204459;39
4204509;554
4204558;390
4204608;10892
4204707;621
4204756;73
4204806;1269
4204905;427
4205001;559
4205100;177
4205159;162
4205175;59
4205191;59
4205209;205
4205308;412
4205357;40
4205407;34637
4205431;115
4205456;947
4205506;1237
4205555;40
4205605;82
4205704;1383
4205803;832
4205902;4038
4206009;611
4206108;278
4206207;497
4206306;1059
4206405;389
4206504;1693
4206603;250
4206652;266
4206702;624
4206751;81
4206801;139
4206900;887
4207007;2465
4207106;621
4207205;258
4207304;2114
4207403;210
4207502;3293
4207577;115
4207601;166
4207650;442
4207684;138
4207700;262
4207759;141
4207809;413
4207858;53
4207908;230
4208005;354
4208104;567
4208203;13974
4208302;5477
4208401;739
4208450;1070
4208500;1161
4208609;164
4208708;320
4208807;828
4208906;9426
4208955;68
4209003;2219
4209102;28573
4209151;175
4209177;53
4209201;111
4209300;6187
4209409;1470
4209458;51
4209508;416
4209607;506
4209706;254
4209805;80
4209854;175
4209904;562
4210001;579
4210035;332
4210050;64
4210100;1939
4210209;105
4210308;174
4210407;242
4210506;1329
4210555;41
4210605;779
4210704;52
4210803;335
4210852;77
4210902;219
4211009;426
4211058;205
4211108;221
4211207;837
4211256;77
4211306;2525
4211405;229
4211454;130
4211504;742
4211603;667
4211652;73
4211702;1226
4211751;587
4211801;338
4211850;41
4211876;50
4211892;43
4211900;8244
4212007;241
4212056;88
4212106;668
4212205;587
4212239;84
4212254;332
4212270;167
4212304;306
4212403;152
4212502;1202
4212601;183
4212650;164
4212700;192
4212809;1197
4212908;1283
4213005;160
4213104;433
4213153;135
4213203;1769
4213302;98
4213351;96
4213401;443
4213500;1197
4213609;1102
4213708;695
4213807;295
4213906;67
4214003;911
4214102;56
4214151;79
4214201;438
4214300;177
4214409;174
4214508;250
4214607;251
4214706;523
4214805;4521
4214904;295
4215000;1844
4215059;77
4215075;197
4215109;598
4215208;115
4215307;407
4215356;72
4215406;169
4215455;510
4215505;554
4215554;107
4215604;114
4215653;270
4215679;189
4215687;58
4215695;43
4215703;1158
4215752;72
4215802;3706
4215901;109
4216008;460
4216057;159
4216107;372
4216206;1714
4216255;259
4216305;1287
4216354;232
4216404;228
4216503;796
4216602;11930
4216701;733
4216800;234
4216909;1487
4217006;596
4217105;167
4217154;29
4217204;2426
4217253;178
4217303;454
4217402;777
4217501;719
4217550;150
4217600;482
4217709;1294
4217758;58
4217808;1028
4217907;248
4217956;41
4218004;2005
4218103;157
4218202;2691
4218251;165
4218301;406
4218350;143
4218400;307
4218509;510
4218608;407
4218707;6517
4218756;175
4218806;639
4218855;66
4218905;499
4218954;50
4219002;844
4219101;156
4219150;40
4219176;118
4219200;233
4219309;2659
4219358;238
4219408;228
4219507;2921
4219606;156
4219705;1414
4219853;80
4220000;418
4300034;193
4300059;106
4300109;472
4300208;267
4300307;141
4300406;1552
4300455;93
4300471;73
4300505;202
4300554;70
4300570;111
4300604;2840
4300638;75
4300646;278
4300661;66
4300703;335
4300802;844
4300851;125
4300877;280
4300901;269
4301008;1214
4301057;459
4301073;53
4301107;329
4301206;340
4301305;331
4301404;565
4301503;268
4301552;148
4301602;2560
4301636;257
4301651;304
4301701;429
4301750;94
4301800;152
4301859;60
4301875;87
4301909;290
4301925;37
4301958;126
4302006;215
4302055;31
4302105;8066
4302154;89
4302204;484
4302220;41
4302238;48
4302253;97
4302303;281
4302352;856
4302378;40
4302402;440
4302451;218
4302501;123
4302584;39
4302600;28
4302659;258
4302709;425
4302808;931
4302907;177
4303004;2145
4303103;4819
4303202;161
4303301;163
4303400;149
4303509;2273
4303558;102
4303608;340
4303673;97
4303707;266
4303806;233
4303905;3404
4304002;214
4304101;133
4304200;845
4304309;233
4304358;214
4304408;2291
4304507;1170
4304606;12555
4304614;29
4304622;35
4304630;3555
4304655;54
4304663;441
4304671;150
4304689;250
4304697;98
4304705;2571
4304713;134
4304804;1618
4304853;35
4304903;617
4304952;131
4305009;237
4305108;28269
4305116;87
4305124;75
4305132;88
4305157;59
4305173;209
4305207;575
4305306;395
4305355;890
4305371;59
4305405;127
4305439;350
4305447;97
4305454;323
4305504;190
4305587;139
4305603;105
4305702;302
4305801;581
4305835;56
4305850;81
4305871;104
4305900;150
4305934;61
4305959;182
4305975;91
4306007;360
4306056;223
4306072;74
4306106;1819
4306130;44
4306205;502
4306304;242
4306320;46
4306353;50
4306379;41
4306403;1501
4306429;35
4306452;219
4306502;168
4306551;73
4306601;880
4306700;62
4306734;120
4306759;97
4306767;838
4306809;1494
4306908;533
4306924;34
4306932;231
4306957;115
4306973;83
4307005;6309
4307054;167
4307104;92
4307203;161
4307302;219
4307401;82
4307450;69
4307500;654
4307559;249
4307609;2333
4307708;2519
4307807;1908
4307815;77
4307831;65
4307864;126
4307906;3840
4308003;343
4308052;69
4308078;154
4308102;717
4308201;2417
4308250;47
4308300;214
4308409;111
4308433;84
4308458;162
4308508;1908
4308607;2489
4308656;43
4308706;244
4308805;155
4308854;66
4308904;939
4309001;527
4309050;262
4309100;3584
4309126;32
4309159;72
4309209;7161
4309258;69
4309308;2055
4309407;1934
4309506;223
4309555;260
4309571;56
4309605;777
4309654;50
4309704;181
4309753;106
4309803;264
4309902;286
4309951;81
4310009;984
4310108;1662
4310207;4566
4310306;223
4310330;649
4310363;150
4310405;155
4310413;39
4310439;290
4310462;63
4310504;226
4310538;145
4310553;58
4310579;69
4310603;884
4310652;61
4310702;121
4310751;51
4310801;1358
4310850;110
4310876;37
4310900;162
4311007;782
4311106;315
4311122;106
4311130;29
4311155;123
4311205;609
4311239;46
4311254;96
4311270;67
4311304;1152
4311403;6405
4311429;29
4311502;160
4311601;122
4311627;169
4311643;66
4311700;249
4311718;36
4311734;41
4311759;150
4311775;162
4311791;109
4311809;2213
4311908;214
4311981;83
4312005;85
4312054;227
4312104;150
4312138;67
4312153;275
4312179;30
4312203;213
4312252;184
4312302;153
4312351;89
4312377;37
4312385;126
4312401;2657
4312427;87
4312443;124
4312450;118
4312476;257
4312500;326
4312609;305
4312617;64
4312625;69
4312658;903
4312674;54
4312708;385
4312757;207
4312807;289
4312906;599
4312955;91
4313003;159
4313011;159
4313037;167
4313060;588
4313086;130
4313102;225
4313201;1535
4313300;1913
4313334;65
4313359;176
4313375;834
4313391;127
4313409;14106
4313425;57
4313441;51
4313466;70
4313490;155
4313508;1784
4313607;167
4313656;290
4313706;1196
4313805;391
4313904;1864
4313953;236
4314001;539
4314027;158
4314035;188
4314050;1454
4314068;69
4314076;261
4314100;10760
4314134;97
4314159;256
4314175;22
4314209;134
4314308;98
4314407;10691
4314423;217
4314456;105
4314464;60
4314472;95
4314498;120
4314506;221
4314548;108
4314555;41
4314605;287
4314704;338
4314753;102
4314779;94
4314787;74
4314803;1258
4314902;87899
4315008;105
4315057;72
4315073;39
4315107;405
4315131;71
4315149;161
4315156;193
4315172;114
4315206;149
4315305;661
4315313;54
4315321;39
4315354;236
4315404;133
4315453;82
4315503;460
4315552;41
4315602;4338
4315701;621
4315750;140
4315800;477
4315909;277
4315958;26
4316006;821
4316105;417
4316204;194
4316303;196
4316402;1039
4316428;44
4316436;94
4316451;278
4316477;109
4316501;328
4316600;976
4316709;250
4316733;33
4316758;293
4316808;7323
4316907;9251
4316956;204
4316972;49
4317004;127
4317103;2330
4317202;3248
4317251;62
4317301;691
4317400;1473
4317509;2883
4317558;63
4317608;1493
4317707;167
4317756;84
4317806;505
4317905;631
4317954;68
4318002;1395
4318051;190
4318101;286
4318200;750
4318309;1240
4318408;430
4318424;224
4318432;142
4318440;130
4318457;41
4318465;55
4318481;158
4318499;109
4318507;528
4318606;325
4318614;107
4318622;85
4318705;7635
4318804;1043
4318903;1192
4319000;1189
4319109;326
4319125;49
4319158;215
4319208;75
4319307;142
4319356;116
4319364;36
4319372;144
4319406;452
4319505;1016
4319604;628
4319703;123
4319711;121
4319737;26
4319752;147
4319802;222
4319901;3469
4320008;2913
4320107;1260
4320206;461
4320230;71
4320263;121
4320305;230
4320321;57
4320354;132
4320404;1049
4320453;62
4320503;179
4320552;171
4320578;55
4320602;138
4320651;79
4320677;255
4320701;617
4320800;1324
4320859;173
4320909;1325
4321006;542
4321105;457
4321204;2322
4321303;803
4321329;139
4321352;142
4321402;509
4321436;380
4321451;1693
4321469;181
4321477;116
4321493;66
4321501;2281
4321600;1785
4321626;107
4321634;117
4321667;548
4321709;1117
4321808;1194
4321832;53
4321857;195
4321907;1099
4321956;275
4322004;792
4322103;216
4322152;68
4322186;37
4322202;505
4322251;276
4322301;283
4322327;82
4322343;46
4322350;80
4322376;33
4322400;2827
4322509;2268
4322525;97
4322533;214
4322541;266
4322558;131
4322608;2960
4322707;835
4322806;1585
4322855;104
4322905;178
4323002;3584
4323101;69
4323200;154
4323309;221
4323358;60
4323408;271
4323457;87
4323507;106
4323606;78
4323705;109
4323754;77
4323770;167
4323804;1150
5000203;483
5000252;117
5000609;795
5000708;325
5000807;135
5000856;164
5000906;112
5001003;804
5001102;846
5001243;144
5001508;206
5001904;601
5002001;234
5002100;349
5002159;133
5002209;738
5002308;297
5002407;690
5002605;395
5002704;28674
5002803;65
5002902;685
5002951;1399
5003108;88
5003157;236
5003207;1448
5003256;880
5003306;842
5003454;250
5003488;132
5003504;87
5003702;7900
5003751;258
5003801;530
5003900;110
5004007;182
5004106;183
5004304;370
5004403;246
5004502;380
5004601;407
5004700;622
5004809;54
5004908;97
5005004;645
5005103;41
5005152;131
5005202;110
5005251;97
5005400;1498
5005608;389
5005681;527
5005707;1734
5005806;164
5006002;531
5006200;1812
5006259;91
5006275;170
5006309;1370
5006358;129
5006408;122
5006606;1978
5006903;197
5007109;637
5007208;1021
5007307;80
5007406;469
5007505;99
5007554;146
5007695;1042
5007703;280
5007802;98
5007901;914
5007935;382
5007950;105
5007976;62
5008008;311
5008305;3558
5008404;114
5100102;70
5100201;1124
5100250;1925
5100300;377
5100359;88
5100409;267
5100508;76
5100607;244
5100805;201
5101001;47
5101209;16
5101258;364
5101308;306
5101407;535
5101605;65
5101704;634
5101803;1943
5101852;88
5101902;437
5102504;1725
5102603;221
5102637;1724
5102678;1605
5102686;290
5102694;63
5102702;824
5102793;174
5102850;92
5103007;544
5103056;314
5103106;117
5103205;1049
5103254;600
5103304;436
5103353;782
5103361;65
5103379;179
5103403;24699
5103437;75
5103452;84
5103502;745
5103601;113
5103700;318
5103809;55
5103858;187
5103908;55
5103957;47
5104104;1030
5104203;268
5104500;26
5104526;207
5104542;246
5104559;144
5104609;248
5104807;783
5104906;108
5105002;127
5105101;982
5105150;1171
5105176;261
5105200;169
5105234;77
5105259;3203
5105309;29
5105507;165
5105580;275
5105606;599
5105622;835
5105903;475
5106000;82
5106109;172
5106158;347
5106174;28
5106182;110
5106190;86
5106208;72
5106216;243
5106224;2374
5106232;323
5106240;409
5106257;574
5106265;151
5106273;41
5106281;134
5106299;196
5106307;717
5106315;22
5106372;467
5106422;541
5106455;67
5106505;504
5106653;101
5106703;21
5106752;1285
5106778;185
5106802;126
5106828;141
5106851;41
5107008;283
5107040;4037
5107065;927
5107107;523
5107156;27
5107180;207
5107198;34
5107206;101
5107248;185
5107263;39
5107297;27
5107305;453
5107354;113
5107404;55
5107578;57
5107602;8233
5107701;156
5107743;40
5107750;50
5107768;76
5107776;60
5107792;68
5107800;240
5107859;199
5107875;1203
5107883;10
5107909;7370
5107925;5051
5107941;260
5107958;3639
5108006;703
5108055;188
5108105;53
5108204;89
5108303;144
5108352;28
5108402;6381
5108501;304
5108600;435
5108808;141
5108857;56
5108907;221
5108956;244
5200050;387
5200100;372
5200134;366
5200159;47
5200175;78
5200209;38
5200258;2314
5200308;634
5200506;42
5200555;160
5200605;513
5200803;214
5200829;36
5200852;111
5200902;47
5201108;11689
5201207;19
5201306;506
5201405;11125
5201454;75
5201504;61
5201603;63
5201702;323
5201801;209
5202155;153
5202353;62
5202502;146
5202601;48
5202809;56
5203104;30
5203203;246
5203302;732
5203401;123
5203500;624
5203559;143
5203575;93
5203609;64
5203807;162
5203906;236
5203939;92
5203962;30
5204003;123
5204102;216
5204201;27
5204250;184
5204300;429
5204409;343
5204508;3804
5204557;57
5204607;61
5204656;74
5204706;263
5204805;193
5204854;140
5204904;456
5204953;83
5205000;177
5205059;41
5205109;3822
5205208;98
5205307;143
5205406;955
5205455;188
5205471;398
5205497;891
5205513;300
5205521;56
5205703;59
5205802;214
5205901;275
5206206;1322
5206305;105
5206404;532
5206503;79
5206602;53
5206701;53
5206800;90
5206909;51
5207105;40
5207253;86
5207352;71
5207402;252
5207501;56
5207535;127
5207600;167
5207808;268
5207907;89
5208004;2676
5208103;150
5208152;65
5208301;51
5208400;199
5208509;139
5208608;2184
5208707;72286
5208806;957
5208905;526
5209101;1048
5209150;107
5209200;366
5209291;38
5209408;39
5209457;32
5209606;71
5209705;638
5209804;100
5209903;200
5209937;192
5209952;351
5210000;1560
5210109;824
5210158;71
5210208;1113
5210307;61
5210406;1540
5210562;131
5210604;138
5210802;84
5210901;726
5211008;196
5211206;720
5211305;128
5211404;176
5211503;3703
5211602;53
5211701;112
5211800;1003
5211909;3231
5212006;60
5212055;24
5212105;189
5212204;776
5212253;49
5212303;151
5212501;3684
5212600;45
5212709;155
5212808;322
5212907;50
5212956;92
5213004;158
5213053;21
5213087;610
5213103;1808
5213400;36
5213509;53
5213707;260
5213756;284
5213772;78
5213806;1321
5213855;38
5213905;149
5214002;320
5214051;95
5214101;53
5214408;149
5214507;988
5214606;752
5214705;33
5214804;50
5214838;326
5214861;195
5214879;42
5214903;24
5215009;260
5215207;82
5215231;813
5215256;78
5215306;337
5215405;58
5215504;132
5215603;467
5215652;53
5215702;752
5215801;44
5215900;82
5216007;61
5216304;203
5216403;275
5216452;58
5216809;175
5216908;68
5217104;499
5217203;191
5217302;702
5217401;865
5217609;1215
5217708;471
5218003;1176
5218052;96
5218102;68
5218300;1012
5218391;71
5218508;1236
5218607;413
5218706;84
5218789;208
5218805;7079
5218904;588
5219001;280
5219100;210
5219209;48
5219258;106
5219308;1084
5219357;45
5219407;133
5219456;51
5219506;51
5219605;82
5219704;235
5219712;85
5219738;813
5219753;623
5219803;105
5219902;137
5220009;227
5220058;30
5220108;1092
5220157;119
5220207;622
5220264;98
5220280;37
5220405;468
5220454;2251
5220504;144
5220603;697
5220686;137
5220702;31
5221007;137
5221080;35
5221197;174
5221304;109
5221403;2165
5221452;91
5221502;75
5221551;68
5221577;50
5221601;1297
5221700;279
5221809;57
5221858;2768
5221908;49
5222005;419
5222054;191
5222203;53
5222302;89
5300108;103026
